{
	"minVersion": "v2.2.2",
	"maxGuesses": 6,
	"wordleOffset": 0,
	"shareName": "Wordle DS (RUS)",
	"lossMessage": "Завтра повезёт..\nОтвет был:",
	"lossMessageInfinite": "В следующий раз повезёт..\nОтвет был:",
	"tooShortMessage": "В слове не хватает букв!\nПопробуйте например ОКЕАН",
	"notWordMessage": "В словаре игры\nнет такого слова",
	"creditStr": "Wordle DS\nby Pk11 - (ru) by bacer",
	"nthMustBeX": "%d %s буква должна быть %s",
	"guessMustContainX": "Слово должно иметь букву %s",
	"howto": {
		"words": [
			"ОКЕАН",
			"КИМЧИ",
			"ЛОДКА"
		],
		"colors": [
			"green", "white", "white", "white", "white",
			"white", "yellow", "white", "white", "white",
			"white", "white", "white", "gray", "white"
		]
	},
	"victoryMessages": [
		"Гениально",
		"Молодчина",
		"Впечатляюще",
		"Раз плюнуть",
		"Клёво",
		"Как два пальца"
	],
	"numberSuffixes": {
		"default": "ая"
	},
	"letters": [
		"А",
		"Б",
		"В",
		"Г",
		"Д",
		"Е",
		"Ж",
		"З",
		"И",
		"Й",
		"К",
		"Л",
		"М",
		"Н",
		"О",
		"П",
		"Р",
		"С",
		"Т",
		"У",
		"Ф",
		"Х",
		"Ц",
		"Ч",
		"Ш",
		"Щ",
		"Ъ",
		"Ы",
		"Ь",
		"Э",
		"Ю",
		"Я"
	],
	"keyboard": [
		[4,  88, "\n"], [166, 88, "Х"], [191, 88,  "Ъ"], [216, 88, "\b"],
		[4,  114,  "Й"], [29, 114, "Ц"], [54, 114, "У"], [79, 114, "К"], [104, 114, "Е"], [129, 114, "Н"], [154, 114, "Г"], [179, 114, "Ш"], [204, 114,  "Щ"], [229, 114, "З"],
		[4, 140,  "Ф"], [29, 140, "Ы"], [54, 140, "В"], [79, 140, "А"], [104, 140, "П"], [129, 140, "Р"], [154, 140, "О"], [179, 140, "Л"], [204, 140,  "Д"], [229, 140, "Ж"],
		[4,  166, "Я"], [29, 166, "Ч"], [54, 166, "С"], [79, 166, "М"], [104, 166, "И"], [129, 166, "Т"], [154, 166, "Ь"], [179, 166, "Б"], [204, 166, "Ю"], [229, 166, "Э"]
	],
	"words": {
		"choices": [
		"АББАТ",
		"АБВЕР",
		"АБЗАЦ",
		"АБОРТ",
		"АБРЕК",
		"АБРИС",
		"АБХАЗ",
		"АВАНС",
		"АВЕНЮ",
		"АВРАЛ",
		"АВТОР",
		"АГЕНС",
		"АГЕНТ",
		"АГНЕЦ",
		"АГУША",
		"АДЕПТ",
		"АДРЕС",
		"АЗАРТ",
		"АЗИАТ",
		"АКРИЛ",
		"АКСОН",
		"АКТЁР",
		"АКТИВ",
		"АКТОР",
		"АКУЛА",
		"АКЦИЗ",
		"АКЦИЯ",
		"АЛЕУТ",
		"АЛИБИ",
		"АЛКАШ",
		"АЛЛАХ",
		"АЛЛЕЯ",
		"АЛЛЮР",
		"АЛМАЗ",
		"АЛТЫН",
		"АЛЫЧА",
		"АЛЬФА",
		"АМБАЛ",
		"АМБАР",
		"АМВОН",
		"АМЁБА",
		"АМПЕР",
		"АМПИР",
		"АНАША",
		"АНГАР",
		"АНГЕЛ",
		"АНИОН",
		"АНОНС",
		"АНЧАР",
		"АОРТА",
		"АРБУЗ",
		"АРГОН",
		"АРГУС",
		"АРЕАЛ",
		"АРЕНА",
		"АРЕСТ",
		"АРИЕЦ",
		"АРКАН",
		"АРМИЯ",
		"АРМЯК",
		"АРХИВ",
		"АРШИН",
		"АСАНА",
		"АСКЕР",
		"АСКЕТ",
		"АСПИД",
		"АСТМА",
		"АСТРА",
		"АСЬКА",
		"АТАКА",
		"АТЛАС",
		"АТЛЕТ",
		"АТОЛЛ",
		"АУДИТ",
		"АФЕРА",
		"АФИША",
		"АХИЛЛ",
		"АЦТЕК",
		"АШРАМ",
		"БАБАЙ",
		"БАБКА",
		"БАГАЖ",
		"БАГЕТ",
		"БАГОР",
		"БАДЬЯ",
		"БАЗАР",
		"БАЗИС",
		"БАЙДА",
		"БАЙКА",
		"БАКЕН",
		"БАЛДА",
		"БАЛЕТ",
		"БАЛКА",
		"БАЛЫК",
		"БАНАН",
		"БАНДА",
		"БАНКА",
		"БАРАК",
		"БАРАН",
		"БАРЖА",
		"БАРИЙ",
		"БАРИН",
		"БАРКА",
		"БАРОН",
		"БАРЫШ",
		"БАСНЯ",
		"БАСОК",
		"БАТОГ",
		"БАТОН",
		"БАТУТ",
		"БАТЫР",
		"БАХЧА",
		"БАЧКИ",
		"БАЧОК",
		"БАШКА",
		"БАШЛИ",
		"БАШНЯ",
		"БЕГУН",
		"БЕДРО",
		"БЕКОН",
		"БЕЛКА",
		"БЕЛОК",
		"БЕЛЫЙ",
		"БЕЛЬЁ",
		"БЕЛЯК",
		"БЕРЕГ",
		"БЕРЕТ",
		"БЕТОН",
		"БИВАК",
		"БИДОН",
		"БИЗОН",
		"БИЛЕТ",
		"БИНОМ",
		"БИРЖА",
		"БИРКА",
		"БИРЮК",
		"БИСЕР",
		"БИТВА",
		"БИТОК",
		"БИТУМ",
		"БИТЬЁ",
		"БИТЮГ",
		"БЛАГО",
		"БЛАЖЬ",
		"БЛАНК",
		"БЛЕСК",
		"БЛОХА",
		"БЛУЗА",
		"БЛЮДО",
		"БЛЯДЬ",
		"БЛЯХА",
		"БОББИ",
		"БОБЁР",
		"БОБИК",
		"БОГАЧ",
		"БОДУН",
		"БОЖОК",
		"БОЙНЯ",
		"БОКАЛ",
		"БОЛИД",
		"БОМБА",
		"БОНЗА",
		"БОННА",
		"БОНУС",
		"БОРДО",
		"БОРЕЦ",
		"БОРОВ",
		"БОРОК",
		"БОСЯК",
		"БОТВА",
		"БОТИК",
		"БОЧКА",
		"БОЧОК",
		"БРАГА",
		"БРАНЬ",
		"БРАСС",
		"БРЕЙК",
		"БРЕМЯ",
		"БРЕНД",
		"БРЕШЬ",
		"БРИДЖ",
		"БРОВЬ",
		"БРОНХ",
		"БРОНЬ",
		"БРОНЯ",
		"БРОШЬ",
		"БРЭНД",
		"БРЮКИ",
		"БРЮХО",
		"БУБЕН",
		"БУБНА",
		"БУГАЙ",
		"БУГОР",
		"БУДДА",
		"БУДКА",
		"БУДНИ",
		"БУКВА",
		"БУКЕТ",
		"БУКЛЯ",
		"БУЛАТ",
		"БУЛКА",
		"БУРАК",
		"БУРАН",
		"БУРДА",
		"БУРКА",
		"БУРУН",
		"БУРЯТ",
		"БУТАН",
		"БУТИК",
		"БУТОН",
		"БУТСА",
		"БУФЕР",
		"БУФЕТ",
		"БУХТА",
		"БЫДЛО",
		"БЫЛОЕ",
		"БЫЛЬЕ",
		"БЫТИЕ",
		"БЫЧОК",
		"БЬЮИК",
		"ВАГОН",
		"ВАЗОН",
		"ВАКСА",
		"ВАЛЁК",
		"ВАЛЕТ",
		"ВАЛИК",
		"ВАЛКА",
		"ВАЛОК",
		"ВАЛУЙ",
		"ВАЛУН",
		"ВАЛЬС",
		"ВАННА",
		"ВАРАН",
		"ВАРКА",
		"ВАРНА",
		"ВАРЯГ",
		"ВАТКА",
		"ВАФЛЯ",
		"ВАХТА",
		"ВДОВА",
		"ВЕДРО",
		"ВЕЛИК",
		"ВЕНГР",
		"ВЕНЕЦ",
		"ВЕНИК",
		"ВЕНОК",
		"ВЕПРЬ",
		"ВЕРБА",
		"ВЕРЕЯ",
		"ВЕРФЬ",
		"ВЕСЛО",
		"ВЕСНА",
		"ВЕСТЬ",
		"ВЕТВЬ",
		"ВЕТЕР",
		"ВЕТКА",
		"ВЕТЛА",
		"ВЕЧЕР",
		"ВЕШКА",
		"ВЗВОД",
		"ВЗДОР",
		"ВЗДОХ",
		"ВЗЛЁТ",
		"ВЗЛОМ",
		"ВЗМАХ",
		"ВЗНОС",
		"ВЗРЫВ",
		"ВИДАК",
		"ВИДЕО",
		"ВИДИК",
		"ВИДОК",
		"ВИЗИТ",
		"ВИЛКА",
		"ВИЛЛА",
		"ВИНИЛ",
		"ВИНЦО",
		"ВИОЛА",
		"ВИРАЖ",
		"ВИРУС",
		"ВИРШИ",
		"ВИСКИ",
		"ВИСОК",
		"ВИСЯК",
		"ВИТОК",
		"ВИХОР",
		"ВИХРЬ",
		"ВИШНЯ",
		"ВКЛАД",
		"ВЛАГА",
		"ВОБЛА",
		"ВОГУЛ",
		"ВОДКА",
		"ВОЖАК",
		"ВОЖДЬ",
		"ВОЖЖА",
		"ВОЗНЯ",
		"ВОЗОК",
		"ВОЙНА",
		"ВОКАЛ",
		"ВОЛАН",
		"ВОЛНА",
		"ВОЛОК",
		"ВОЛОС",
		"ВОЛХВ",
		"ВОЛЬТ",
		"ВОПЛЬ",
		"ВОРОГ",
		"ВОРОН",
		"ВОРОТ",
		"ВОРОХ",
		"ВОРЬЁ",
		"ВОТУМ",
		"ВОЯКА",
		"ВРАКИ",
		"ВРАЛЬ",
		"ВРАТА",
		"ВРЕМЯ",
		"ВТОРА",
		"ВУАЛЬ",
		"ВЪЕЗД",
		"ВЫБОР",
		"ВЫВИХ",
		"ВЫВОД",
		"ВЫВОЗ",
		"ВЫГОН",
		"ВЫГУЛ",
		"ВЫДЕЛ",
		"ВЫДОХ",
		"ВЫДРА",
		"ВЫЕЗД",
		"ВЫЗОВ",
		"ВЫКУП",
		"ВЫЛЕТ",
		"ВЫЛОВ",
		"ВЫНОС",
		"ВЫПАД",
		"ВЫПАС",
		"ВЫРЕЗ",
		"ВЫСЕВ",
		"ВЫХОД",
		"ВЫЧЕТ",
		"ВЫШКА",
		"ВЬЮГА",
		"ВЯЗКА",
		"ВЯТИЧ",
		"ГАЗИК",
		"ГАЗОН",
		"ГАЙКА",
		"ГАЛКА",
		"ГАЛОП",
		"ГАЛУН",
		"ГАМАК",
		"ГАММА",
		"ГАРАЖ",
		"ГАРЕМ",
		"ГАУСС",
		"ГАШИШ",
		"ГВАЛТ",
		"ГЕЙША",
		"ГЕЛИЙ",
		"ГЕНЕЗ",
		"ГЕНИЙ",
		"ГЕНОМ",
		"ГЕРОЙ",
		"ГЕТТО",
		"ГЖЕЛЬ",
		"ГИДРА",
		"ГИЕНА",
		"ГЛАВА",
		"ГЛАВК",
		"ГЛАДЬ",
		"ГЛИНА",
		"ГЛИСТ",
		"ГЛУБЬ",
		"ГЛУШЬ",
		"ГЛЫБА",
		"ГНИДА",
		"ГНИЛЬ",
		"ГОБОЙ",
		"ГОВНО",
		"ГОВОР",
		"ГОГОТ",
		"ГОДИК",
		"ГОДОК",
		"ГОЛЕЦ",
		"ГОЛОД",
		"ГОЛОС",
		"ГОЛЫШ",
		"ГОЛЬФ",
		"ГОМИК",
		"ГОМОН",
		"ГОНЕЦ",
		"ГОНКА",
		"ГОНОР",
		"ГОПАК",
		"ГОРЕЦ",
		"ГОРКА",
		"ГОРЛО",
		"ГОРОД",
		"ГОРОХ",
		"ГОСТЬ",
		"ГРАММ",
		"ГРАНТ",
		"ГРАНЬ",
		"ГРАФА",
		"ГРЁЗА",
		"ГРЕЧА",
		"ГРИВА",
		"ГРИЛЬ",
		"ГРИПП",
		"ГРОЗА",
		"ГРОСС",
		"ГРУДА",
		"ГРУДЬ",
		"ГРУНТ",
		"ГРУША",
		"ГРЫЖА",
		"ГРЯДА",
		"ГРЯЗЬ",
		"ГУАШЬ",
		"ГУБКА",
		"ГУДОК",
		"ГУЛЯШ",
		"ГУМНО",
		"ГУМУС",
		"ГУРИЯ",
		"ГУСАК",
		"ГУСАР",
		"ГУСИК",
		"ГУСЛИ",
		"ДАВКА",
		"ДАЙКА",
		"ДАМБА",
		"ДАМКА",
		"ДАРТС",
		"ДАЧКА",
		"ДВЕРЬ",
		"ДЕБЕТ",
		"ДЕБИЛ",
		"ДЕБИТ",
		"ДЕБОШ",
		"ДЕБРИ",
		"ДЕБЮТ",
		"ДЕВИЗ",
		"ДЕВКА",
		"ДЕДКА",
		"ДЕДОК",
		"ДЕЗИК",
		"ДЕКАН",
		"ДЕКОР",
		"ДЕЛЁЖ",
		"ДЕЛЕЦ",
		"ДЕМОН",
		"ДЕНДИ",
		"ДЕНЁК",
		"ДЕРБИ",
		"ДЁРЕН",
		"ДЕРМА",
		"ДЕСНА",
		"ДЕТКА",
		"ДЕФИС",
		"ДЖИНН",
		"ДЗЮДО",
		"ДИВАН",
		"ДИЕТА",
		"ДИЛЕР",
		"ДИНАР",
		"ДИНГО",
		"ДИСКО",
		"ДИЧОК",
		"ДЛАНЬ",
		"ДЛИНА",
		"ДНИЩЕ",
		"ДОБРО",
		"ДОВОД",
		"ДОГМА",
		"ДОЖДЬ",
		"ДОЗОР",
		"ДОЙКА",
		"ДОКЕР",
		"ДОМЕН",
		"ДОМИК",
		"ДОМНА",
		"ДОНЕЦ",
		"ДОНКА",
		"ДОННА",
		"ДОНОР",
		"ДОНОС",
		"ДОСКА",
		"ДОСУГ",
		"ДОСЬЕ",
		"ДОХОД",
		"ДОЧКА",
		"ДРАЖЕ",
		"ДРАЙВ",
		"ДРАКА",
		"ДРАМА",
		"ДРАФТ",
		"ДРЕВО",
		"ДРЕЙФ",
		"ДРЕЛЬ",
		"ДРЁМА",
		"ДРОБЬ",
		"ДРОВА",
		"ДРОГА",
		"ДРОЖЬ",
		"ДРОЗД",
		"ДРОФА",
		"ДРУИД",
		"ДРЯНЬ",
		"ДУБЛЬ",
		"ДУБОК",
		"ДУВАЛ",
		"ДУДКА",
		"ДУЖКА",
		"ДУКАТ",
		"ДУМЕЦ",
		"ДУМКА",
		"ДУПЛО",
		"ДУРАК",
		"ДУРКА",
		"ДУТЬЁ",
		"ДУШКА",
		"ДУШОК",
		"ДУЭЛЬ",
		"ДЫЛДА",
		"ДЫМКА",
		"ДЫМОК",
		"ДЫРКА",
		"ДЫШЛО",
		"ДЯДИК",
		"ДЯТЕЛ",
		"ЕВНУХ",
		"ЕВРЕЙ",
		"ЕГЕРЬ",
		"ЕЗДОК",
		"ЕЛАНЬ",
		"ЕРЕСЬ",
		"ЁРШИК",
		"ЕСАУЛ",
		"ЕССЕЙ",
		"ЖАБРА",
		"ЖАЖДА",
		"ЖАКЕТ",
		"ЖАРКА",
		"ЖАТВА",
		"ЖАТКА",
		"ЖЁЛОБ",
		"ЖЕЛЧЬ",
		"ЖЕНИХ",
		"ЖЁНКА",
		"ЖЕРДЬ",
		"ЖЕРЕХ",
		"ЖЕРЛО",
		"ЖЕСТЬ",
		"ЖЕТОН",
		"ЖИВЕЦ",
		"ЖИВОЙ",
		"ЖИВОТ",
		"ЖИЗНЬ",
		"ЖИЗНЯ",
		"ЖИЛЕТ",
		"ЖИЛЕЦ",
		"ЖИЛКА",
		"ЖИЛЬЁ",
		"ЖИНКА",
		"ЖИРАФ",
		"ЖИРОК",
		"ЖИСТЬ",
		"ЖИТИЕ",
		"ЖИТЬЁ",
		"ЖОКЕЙ",
		"ЖРИЦА",
		"ЖУЛИК",
		"ЖУЛЬЁ",
		"ЖУПЕЛ",
		"ЖУЧКА",
		"ЖУЧОК",
		"ЗАБЕГ",
		"ЗАБОЙ",
		"ЗАБОР",
		"ЗАВАЛ",
		"ЗАВЕТ",
		"ЗАВОД",
		"ЗАВОЗ",
		"ЗАВУЧ",
		"ЗАГАР",
		"ЗАГИБ",
		"ЗАГОН",
		"ЗАГУЛ",
		"ЗАДЕЛ",
		"ЗАДОК",
		"ЗАДОР",
		"ЗАЕЗД",
		"ЗАЖИМ",
		"ЗАЗОР",
		"ЗАИКА",
		"ЗАЙКА",
		"ЗАКАЗ",
		"ЗАКАТ",
		"ЗАКОН",
		"ЗАКУТ",
		"ЗАЛИВ",
		"ЗАЛОГ",
		"ЗАЛОМ",
		"ЗАМАХ",
		"ЗАМЕР",
		"ЗАМЕС",
		"ЗАМОК",
		"ЗАМША",
		"ЗАНОС",
		"ЗАПАД",
		"ЗАПАЛ",
		"ЗАПАС",
		"ЗАПАХ",
		"ЗАПЕВ",
		"ЗАПОЙ",
		"ЗАПОР",
		"ЗАРЕЗ",
		"ЗАРОК",
		"ЗАРЯД",
		"ЗАСОВ",
		"ЗАТЕЯ",
		"ЗАТОН",
		"ЗАТОР",
		"ЗАУМЬ",
		"ЗАХОД",
		"ЗАЧЁТ",
		"ЗАЧИН",
		"ЗВЕНО",
		"ЗВЕРЬ",
		"ЗЕБРА",
		"ЗЕВОК",
		"ЗЕЛЬЕ",
		"ЗЕМЕЦ",
		"ЗЕМЛЯ",
		"ЗЕНИТ",
		"ЗЕНКИ",
		"ЗЕРНО",
		"ЗЕФИР",
		"ЗИПУН",
		"ЗЛАТО",
		"ЗЛОБА",
		"ЗНАМЯ",
		"ЗНАТЬ",
		"ЗОМБИ",
		"ЗУБЕЦ",
		"ЗУБИК",
		"ЗУБОК",
		"ЗУЛУС",
		"ЗЫБКА",
		"ЗЯТЁК",
		"ИВНЯК",
		"ИВРИТ",
		"ИГРЕК",
		"ИГРОК",
		"ИДЕАЛ",
		"ИДИОТ",
		"ИЕРЕЙ",
		"ИЗВИВ",
		"ИЗВОЗ",
		"ИЗГИБ",
		"ИЗГОЙ",
		"ИЗЛЁТ",
		"ИЗЛОМ",
		"ИЗМОР",
		"ИЗНОС",
		"ИЗЪЯН",
		"ИЗЫСК",
		"ИКОНА",
		"ИКОТА",
		"ИМАГО",
		"ИМИДЖ",
		"ИНГУШ",
		"ИНДУС",
		"ИНДЮК",
		"ИНЖИР",
		"ИНТИМ",
		"ИРМОС",
		"ИСКРА",
		"ИСКУС",
		"ИСЛАМ",
		"ИСПОД",
		"ИСПУГ",
		"ИСТЕЦ",
		"ИСТОК",
		"ИСХОД",
		"ИУДЕЙ",
		"КАБАК",
		"КАБАН",
		"КАГАЛ",
		"КАГОР",
		"КАДЕТ",
		"КАДКА",
		"КАДЫК",
		"КАЗАК",
		"КАЗАН",
		"КАЗАХ",
		"КАЗНА",
		"КАЗНЬ",
		"КАЗУС",
		"КАЙЛО",
		"КАЙМА",
		"КАКАО",
		"КАЛАЧ",
		"КАЛАШ",
		"КАЛИЙ",
		"КАЛЫМ",
		"КАМЕЯ",
		"КАМИН",
		"КАМЫШ",
		"КАНАЛ",
		"КАНАТ",
		"КАНВА",
		"КАНОН",
		"КАНОЭ",
		"КАНУН",
		"КАПЛИ",
		"КАПЛЯ",
		"КАПОР",
		"КАПОТ",
		"КАППА",
		"КАПУТ",
		"КАРАТ",
		"КАРГА",
		"КАРДА",
		"КАРЕЛ",
		"КАРЛА",
		"КАРМА",
		"КАРТА",
		"КАСКА",
		"КАССА",
		"КАСТА",
		"КАТАР",
		"КАТЕР",
		"КАТЕТ",
		"КАТОД",
		"КАТОК",
		"КАЧКА",
		"КАЧОК",
		"КАШКА",
		"КАШНЕ",
		"КАШПО",
		"КАЩЕЙ",
		"КАЮТА",
		"КВАНТ",
		"КВАРК",
		"КВАРЦ",
		"КВОТА",
		"КЕЛЬТ",
		"КЕЛЬЯ",
		"КЕПКА",
		"КЕФИР",
		"КИБУЦ",
		"КИВОК",
		"КИЗЯК",
		"КИНЗА",
		"КИОСК",
		"КИРКА",
		"КИРХА",
		"КИСЕТ",
		"КИСЕЯ",
		"КИСКА",
		"КИСТА",
		"КИСТЬ",
		"КИЧКА",
		"КИШКА",
		"КЛАДЬ",
		"КЛАСС",
		"КЛЕРК",
		"КЛЁСТ",
		"КЛЕТЬ",
		"КЛЕЩИ",
		"КЛИКА",
		"КЛИКО",
		"КЛИШЕ",
		"КЛОУН",
		"КЛУНЯ",
		"КЛУША",
		"КЛЮКА",
		"КЛЯЧА",
		"КНЕХТ",
		"КНИГА",
		"КНЯЗЬ",
		"КОАЛА",
		"КОБРА",
		"КОВЁР",
		"КОВКА",
		"КОДАК",
		"КОДЛА",
		"КОДОН",
		"КОЖУХ",
		"КОЗЁЛ",
		"КОЗЛЫ",
		"КОЗНИ",
		"КОЙКА",
		"КОЙОТ",
		"КОКОН",
		"КОКОС",
		"КОЛБА",
		"КОЛЕР",
		"КОЛЕЯ",
		"КОЛЛИ",
		"КОЛОК",
		"КОЛОС",
		"КОЛУН",
		"КОЛЬЕ",
		"КОЛЬТ",
		"КОМАР",
		"КОМИК",
		"КОМОД",
		"КОМОК",
		"КОНЁК",
		"КОНЕЦ",
		"КОНКА",
		"КОНУС",
		"КОНЮХ",
		"КОПИЯ",
		"КОПНА",
		"КОПЬЁ",
		"КОРАН",
		"КОРЕШ",
		"КОРКА",
		"КОРМА",
		"КОРОБ",
		"КОРЧА",
		"КОСАЯ",
		"КОСМЫ",
		"КОСОЙ",
		"КОСТЬ",
		"КОСЯК",
		"КОТЁЛ",
		"КОТИК",
		"КОФЕЙ",
		"КОФИЙ",
		"КОФТА",
		"КОЧАН",
		"КОЧКА",
		"КОШКА",
		"КОШМА",
		"КРАГА",
		"КРАЖА",
		"КРАЛЯ",
		"КРАСА",
		"КРАФТ",
		"КРЕДО",
		"КРЕПЬ",
		"КРЕСС",
		"КРЕСТ",
		"КРОВЬ",
		"КРОЛЬ",
		"КРОНА",
		"КРОСС",
		"КРОХА",
		"КРУИЗ",
		"КРУПА",
		"КРУЧА",
		"КРЫЛО",
		"КРЫСА",
		"КРЫША",
		"КСИВА",
		"КУБИК",
		"КУБЛО",
		"КУБОК",
		"КУДРИ",
		"КУЗЕН",
		"КУЗНЯ",
		"КУЗОВ",
		"КУКИШ",
		"КУКЛА",
		"КУЛАК",
		"КУЛЁК",
		"КУЛЕШ",
		"КУЛИК",
		"КУЛИЧ",
		"КУЛОН",
		"КУЛЬТ",
		"КУМАЧ",
		"КУМИР",
		"КУМЫС",
		"КУПЕЦ",
		"КУПЛЯ",
		"КУПОЛ",
		"КУПОН",
		"КУРАЖ",
		"КУРВА",
		"КУРОК",
		"КУРЬЯ",
		"КУСОК",
		"КУТЁЖ",
		"КУТЬЯ",
		"КУХНЯ",
		"КУЧЕР",
		"КУЧКА",
		"КУШАК",
		"КЮВЕТ",
		"ЛАБАЗ",
		"ЛАБУХ",
		"ЛАВАШ",
		"ЛАВКА",
		"ЛАВРА",
		"ЛАДАН",
		"ЛАДЬЯ",
		"ЛАЗЕР",
		"ЛАЙКА",
		"ЛАКЕЙ",
		"ЛАМПА",
		"ЛАНДО",
		"ЛАПКА",
		"ЛАПТА",
		"ЛАПША",
		"ЛАРЁК",
		"ЛАРЕЦ",
		"ЛАСКА",
		"ЛАССО",
		"ЛАТЫШ",
		"ЛАФЕТ",
		"ЛЕВАК",
		"ЛЕВИТ",
		"ЛЕВША",
		"ЛЕВЫЙ",
		"ЛЕГАТ",
		"ЛЕДОК",
		"ЛЕЖАК",
		"ЛЁЖКА",
		"ЛЕЙБЛ",
		"ЛЕЙКА",
		"ЛЕМЕХ",
		"ЛЕММА",
		"ЛЕНОК",
		"ЛЕНТА",
		"ЛЕНЦА",
		"ЛЕПЕТ",
		"ЛЕПКА",
		"ЛЕПТА",
		"ЛЕСКА",
		"ЛЕСОК",
		"ЛЕСТЬ",
		"ЛЕТОК",
		"ЛЕТУН",
		"ЛЕШИЙ",
		"ЛИАНА",
		"ЛИВЕР",
		"ЛИДЕР",
		"ЛИЗАТ",
		"ЛИКЁР",
		"ЛИЛИЯ",
		"ЛИМАН",
		"ЛИМИТ",
		"ЛИМОН",
		"ЛИМФА",
		"ЛИНЗА",
		"ЛИНИЯ",
		"ЛИПИД",
		"ЛИПКА",
		"ЛИРИК",
		"ЛИТЕР",
		"ЛИТИЙ",
		"ЛИТИЯ",
		"ЛИТЬЁ",
		"ЛИХАЧ",
		"ЛИХВА",
		"ЛИЦЕЙ",
		"ЛИШАЙ",
		"ЛИШЕК",
		"ЛОББИ",
		"ЛОБИК",
		"ЛОБИО",
		"ЛОБОК",
		"ЛОВЕЦ",
		"ЛОВЛЯ",
		"ЛОГИК",
		"ЛОГОС",
		"ЛОДКА",
		"ЛОЖКА",
		"ЛОКОН",
		"ЛОКУС",
		"ЛОМИК",
		"ЛОМКА",
		"ЛОПУХ",
		"ЛОТОК",
		"ЛОТОС",
		"ЛОХМЫ",
		"ЛОЦИЯ",
		"ЛОШАК",
		"ЛУБОК",
		"ЛУЖОК",
		"ЛУНКА",
		"ЛУЧИК",
		"ЛУЧОК",
		"ЛЫЖНЯ",
		"ЛЫЧКА",
		"ЛЮПИН",
		"ЛЮТИК",
		"ЛЮТНЯ",
		"ЛЮЧОК",
		"ЛЯЖКА",
		"ЛЯМКА",
		"ЛЯРВА",
		"МАГИЯ",
		"МАГМА",
		"МАДАМ",
		"МАЕТА",
		"МАЖОР",
		"МАЗНЯ",
		"МАЗОК",
		"МАЗУТ",
		"МАЙКА",
		"МАЙОР",
		"МАКЕТ",
		"МАКСИ",
		"МАЛЁК",
		"МАЛЕЦ",
		"МАЛОЕ",
		"МАЛЫЙ",
		"МАЛЫШ",
		"МАЛЯР",
		"МАМАН",
		"МАМБА",
		"МАМКА",
		"МАНГО",
		"МАНЕЖ",
		"МАНЕР",
		"МАНИЯ",
		"МАНКА",
		"МАННА",
		"МАНОК",
		"МАНСИ",
		"МАНТО",
		"МАРАЛ",
		"МАРЖА",
		"МАРКА",
		"МАРЛЯ",
		"МАСКА",
		"МАСЛО",
		"МАСОН",
		"МАССА",
		"МАСТЬ",
		"МАТКА",
		"МАТЮГ",
		"МАТЮК",
		"МАФИЯ",
		"МАХРА",
		"МАЧТА",
		"МЕДИА",
		"МЕДИК",
		"МЕДОК",
		"МЕДЯК",
		"МЕЗОН",
		"МЕЛОК",
		"МЕРИН",
		"МЕРКА",
		"МЕССА",
		"МЕСТО",
		"МЕСТЬ",
		"МЕСЬЕ",
		"МЕСЯЦ",
		"МЕТАН",
		"МЕТИЗ",
		"МЕТИС",
		"МЕТКА",
		"МЕТЛА",
		"МЕТОД",
		"МЕТРО",
		"МЕЧТА",
		"МЕШОК",
		"МИДИЯ",
		"МИЗЕР",
		"МИЛАЯ",
		"МИЛКА",
		"МИЛОК",
		"МИЛЫЙ",
		"МИНЁР",
		"МИНЕТ",
		"МИНЕЯ",
		"МИНОР",
		"МИНУС",
		"МИРАЖ",
		"МИРОК",
		"МИРРА",
		"МИСКА",
		"МИТЁК",
		"МИТОЗ",
		"МИТРА",
		"МОДЕМ",
		"МОДУС",
		"МОЙКА",
		"МОЛВА",
		"МОЛОТ",
		"МОЛОХ",
		"МОНАХ",
		"МОПЕД",
		"МОРДА",
		"МОРОЗ",
		"МОРОК",
		"МОРЯК",
		"МОСОЛ",
		"МОСЬЕ",
		"МОТИВ",
		"МОТОК",
		"МОТОР",
		"МОХЕР",
		"МОЧКА",
		"МОШКА",
		"МОШНА",
		"МРАЗЬ",
		"МУДАК",
		"МУЖИК",
		"МУЗЕЙ",
		"МУЛАТ",
		"МУЛЛА",
		"МУЛЯЖ",
		"МУМИЯ",
		"МУРАШ",
		"МУРКА",
		"МУРЛО",
		"МУСОР",
		"МУФТА",
		"МУШКА",
		"МЫМРА",
		"МЫСЛЬ",
		"МЫСОК",
		"МЫТЬЁ",
		"МЫШКА",
		"МЫШЦА",
		"МЭРИЯ",
		"МЯКИШ",
		"МЯСЦО",
		"МЯТЕЖ",
		"МЯЧИК",
		"НАБАТ",
		"НАБЕГ",
		"НАБОР",
		"НАВАЛ",
		"НАВАР",
		"НАВЕС",
		"НАВЕТ",
		"НАВОЗ",
		"НАВЫК",
		"НАГАН",
		"НАГАР",
		"НАДЕЛ",
		"НАДОЙ",
		"НАЕЗД",
		"НАЖИМ",
		"НАКАЗ",
		"НАКАЛ",
		"НАКАТ",
		"НАЛЁТ",
		"НАЛИВ",
		"НАЛИМ",
		"НАЛОГ",
		"НАМАЗ",
		"НАМЁК",
		"НАПЕВ",
		"НАПОР",
		"НАРДЫ",
		"НАРОД",
		"НАРТА",
		"НАРЫВ",
		"НАРЯД",
		"НАСОС",
		"НАТЁК",
		"НАУКА",
		"НАХАЛ",
		"НАЦИЯ",
		"НАЧЁС",
		"НАЯДА",
		"НЕВОД",
		"НЕДРА",
		"НЕДУГ",
		"НЕКТО",
		"НЕМЕЦ",
		"НЕМКА",
		"НЕНЕЦ",
		"НЕРПА",
		"НЕУЮТ",
		"НЕФТЬ",
		"НЕЧЕТ",
		"НЕЧТО",
		"НИКТО",
		"НИМФА",
		"НИТКА",
		"НИЧТО",
		"НИЧЬЯ",
		"НИЩАЯ",
		"НИЩИЙ",
		"НОВОЕ",
		"НОЖИК",
		"НОЖКА",
		"НОЖНЫ",
		"НОЛИК",
		"НОМЕР",
		"НОРКА",
		"НОРМА",
		"НОРОВ",
		"НОСИК",
		"НОСКА",
		"НОСОК",
		"НОТКА",
		"НОХЧИ",
		"НОЧКА",
		"НУЖДА",
		"НУМЕР",
		"НУТРО",
		"НЫРОК",
		"НЫТИК",
		"НЫТЬЁ",
		"НЮАНС",
		"ОАЗИС",
		"ОБВАЛ",
		"ОБВОД",
		"ОБГОН",
		"ОБЖИГ",
		"ОБЗОР",
		"ОБИДА",
		"ОБКОМ",
		"ОБЛЁТ",
		"ОБЛИК",
		"ОБЛОМ",
		"ОБМАН",
		"ОБМЕН",
		"ОБМЕР",
		"ОБРАЗ",
		"ОБРЕЗ",
		"ОБРОК",
		"ОБРУЧ",
		"ОБРЫВ",
		"ОБРЯД",
		"ОБУВЬ",
		"ОБУЗА",
		"ОБХОД",
		"ОБЩАК",
		"ОБЩЕЕ",
		"ОБЪЁМ",
		"ОБЫСК",
		"ОВОЩИ",
		"ОВРАГ",
		"ОГОНЬ",
		"ОГРЕХ",
		"ОДЁЖА",
		"ОДУРЬ",
		"ОЗЕРО",
		"ОЗНОБ",
		"ОКЕАН",
		"ОКИСЬ",
		"ОКЛАД",
		"ОКЛИК",
		"ОКОВЫ",
		"ОКОЁМ",
		"ОКРАС",
		"ОКРИК",
		"ОКРУГ",
		"ОКСИД",
		"ОКУНЬ",
		"ОЛЕНЬ",
		"ОЛИВА",
		"ОЛИФА",
		"ОЛОВО",
		"ОЛЬХА",
		"ОМЕГА",
		"ОМЕЛА",
		"ОМЛЕТ",
		"ОМУЛЬ",
		"ОНИКС",
		"ОПАЛА",
		"ОПАРА",
		"ОПЕКА",
		"ОПЕРА",
		"ОПИАТ",
		"ОПИСЬ",
		"ОПИУМ",
		"ОПЛОТ",
		"ОПОРА",
		"ОПРОС",
		"ОПЦИЯ",
		"ОРАВА",
		"ОРГАН",
		"ОРГИЯ",
		"ОРДЕН",
		"ОРДЕР",
		"ОРЕОЛ",
		"ОСАДА",
		"ОСЕНЬ",
		"ОСЁТР",
		"ОСИНА",
		"ОСКАЛ",
		"ОСЛИК",
		"ОСМАН",
		"ОСОБА",
		"ОСОБЬ",
		"ОСОКА",
		"ОСТОВ",
		"ОСЫПЬ",
		"ОТАРА",
		"ОТБОЙ",
		"ОТБОР",
		"ОТВАЛ",
		"ОТВАР",
		"ОТВЕС",
		"ОТВЕТ",
		"ОТВОД",
		"ОТГУЛ",
		"ОТДЕЛ",
		"ОТДЫХ",
		"ОТЕЛЬ",
		"ОТЖИГ",
		"ОТЖИМ",
		"ОТЗЫВ",
		"ОТКАЗ",
		"ОТКАТ",
		"ОТКОС",
		"ОТКУП",
		"ОТЛЁТ",
		"ОТЛИВ",
		"ОТЛОВ",
		"ОТПАД",
		"ОТПОР",
		"ОТРЕЗ",
		"ОТРОГ",
		"ОТРОК",
		"ОТРЫВ",
		"ОТРЯД",
		"ОТСЕВ",
		"ОТСЕК",
		"ОТТОК",
		"ОТХОД",
		"ОТЧЁТ",
		"ОТЧИМ",
		"ОТШИБ",
		"ОТЪЁМ",
		"ОФОРТ",
		"ОФШОР",
		"ОХВАТ",
		"ОХОТА",
		"ОЧЕРК",
		"ОЩУПЬ",
		"ПАДЕЖ",
		"ПАДЛА",
		"ПАДЛО",
		"ПАДУБ",
		"ПАЗИК",
		"ПАЙКА",
		"ПАКЕР",
		"ПАКЕТ",
		"ПАКЛЯ",
		"ПАЛАС",
		"ПАЛАЧ",
		"ПАЛАШ",
		"ПАЛЕЦ",
		"ПАЛКА",
		"ПАМПА",
		"ПАНДА",
		"ПАННА",
		"ПАННО",
		"ПАПИК",
		"ПАПКА",
		"ПАРАД",
		"ПАРЕЗ",
		"ПАРИК",
		"ПАРИЯ",
		"ПАРОК",
		"ПАРОМ",
		"ПАРТА",
		"ПАРУС",
		"ПАРЧА",
		"ПАРША",
		"ПАСТА",
		"ПАСТЬ",
		"ПАСХА",
		"ПАТЕР",
		"ПАТИО",
		"ПАТЛЫ",
		"ПАУЗА",
		"ПАФОС",
		"ПАХАН",
		"ПАЦАН",
		"ПАЧКА",
		"ПАШНЯ",
		"ПЕВЕЦ",
		"ПЕДИК",
		"ПЕКЛО",
		"ПЕМЗА",
		"ПЕНАЛ",
		"ПЕНЁК",
		"ПЕНИЕ",
		"ПЕНИС",
		"ПЕНКА",
		"ПЕНЬЕ",
		"ПЕПЕЛ",
		"ПЕПСИ",
		"ПЕРЁД",
		"ПЕРЕЦ",
		"ПЕРСИ",
		"ПЕРСТ",
		"ПЕСЕЦ",
		"ПЁСИК",
		"ПЕСНЬ",
		"ПЕСНЯ",
		"ПЕСОК",
		"ПЕТИТ",
		"ПЕТЛЯ",
		"ПЕТУХ",
		"ПЕЧКА",
		"ПЕШКА",
		"ПЕШНЯ",
		"ПИАЛА",
		"ПИВКО",
		"ПИДОР",
		"ПИЖМА",
		"ПИЖОН",
		"ПИЗДА",
		"ПИКАП",
		"ПИКЕТ",
		"ПИЛКА",
		"ПИЛОН",
		"ПИЛОТ",
		"ПИНОК",
		"ПИРАТ",
		"ПИРИТ",
		"ПИРОГ",
		"ПИСЕЦ",
		"ПИТИЕ",
		"ПИТОН",
		"ПИТЬЁ",
		"ПИФИЯ",
		"ПИХТА",
		"ПИЦЦА",
		"ПЛАМЯ",
		"ПЛАСТ",
		"ПЛАТА",
		"ПЛАТО",
		"ПЛАХА",
		"ПЛЕБС",
		"ПЛЕВА",
		"ПЛЕЕР",
		"ПЛЕМЯ",
		"ПЛЕСК",
		"ПЛЕТЬ",
		"ПЛЕЧО",
		"ПЛЕШЬ",
		"ПЛИТА",
		"ПЛОТЬ",
		"ПЛЮХА",
		"ПОБЕГ",
		"ПОБОИ",
		"ПОБОР",
		"ПОВАР",
		"ПОВОД",
		"ПОГОН",
		"ПОДОЛ",
		"ПОЕЗД",
		"ПОЖАР",
		"ПОЗОР",
		"ПОЗЫВ",
		"ПОИСК",
		"ПОЙЛО",
		"ПОЙМА",
		"ПОКАЗ",
		"ПОКЕР",
		"ПОКОИ",
		"ПОКОЙ",
		"ПОКОС",
		"ПОЛЁТ",
		"ПОЛИВ",
		"ПОЛИП",
		"ПОЛИС",
		"ПОЛКА",
		"ПОЛОГ",
		"ПОЛОЗ",
		"ПОЛОН",
		"ПОЛЮС",
		"ПОЛЯК",
		"ПОМЁТ",
		"ПОМИН",
		"ПОМОИ",
		"ПОМОЛ",
		"ПОМОР",
		"ПОМПА",
		"ПОНОС",
		"ПОНЧО",
		"ПОПКА",
		"ПОПСА",
		"ПОРЕЗ",
		"ПОРКА",
		"ПОРНО",
		"ПОРОГ",
		"ПОРОК",
		"ПОРОХ",
		"ПОРЧА",
		"ПОРЫВ",
		"ПОСАД",
		"ПОСЕВ",
		"ПОСОЛ",
		"ПОСОХ",
		"ПОСУЛ",
		"ПОСЫЛ",
		"ПОТЁК",
		"ПОТОК",
		"ПОТОП",
		"ПОХОД",
		"ПОЧВА",
		"ПОЧЁТ",
		"ПОЧИН",
		"ПОЧКА",
		"ПОЧТА",
		"ПОШИБ",
		"ПОШИВ",
		"ПОЭМА",
		"ПРАВО",
		"ПРАЙС",
		"ПРАЩА",
		"ПРЕВО",
		"ПРЕЛЬ",
		"ПРЕСС",
		"ПРИЁМ",
		"ПРИМА",
		"ПРИНЦ",
		"ПРИЧТ",
		"ПРИЮТ",
		"ПРОБА",
		"ПРОЁМ",
		"ПРОЗА",
		"ПРОСО",
		"ПРОФИ",
		"ПРЫТЬ",
		"ПРЯДЬ",
		"ПРЯЖА",
		"ПСИНА",
		"ПТАХА",
		"ПТИЦА",
		"ПУАНТ",
		"ПУГАЧ",
		"ПУДРА",
		"ПУЗАН",
		"ПУЛЬС",
		"ПУЛЬТ",
		"ПУНКТ",
		"ПУПОК",
		"ПУРГА",
		"ПУРИМ",
		"ПУФИК",
		"ПУЧОК",
		"ПУШКА",
		"ПУШОК",
		"ПЧЕЛА",
		"ПШЕНО",
		"ПЫЖИК",
		"ПЫРЕЙ",
		"ПЫТКА",
		"ПЫШКА",
		"ПЬЕСА",
		"ПЬЯНЬ",
		"ПЯТАК",
		"ПЯТАЯ",
		"ПЯТКА",
		"ПЯТНО",
		"ПЯТОК",
		"РАББИ",
		"РАДАР",
		"РАДЖА",
		"РАДИЙ",
		"РАДИО",
		"РАДОН",
		"РАЗИК",
		"РАЗОК",
		"РАЗОР",
		"РАЗУМ",
		"РАЙОН",
		"РАЛЛИ",
		"РАМКА",
		"РАМПА",
		"РАНЕЦ",
		"РАНКА",
		"РАНЧО",
		"РАПИД",
		"РАУНД",
		"РАФИК",
		"РАХИТ",
		"РАЦИО",
		"РАЦИЯ",
		"РАЧОК",
		"РВАНЬ",
		"РВОТА",
		"РДЕСТ",
		"РЕБРО",
		"РЕБУС",
		"РЕГБИ",
		"РЕДИС",
		"РЕДУТ",
		"РЕЖИМ",
		"РЕЗАК",
		"РЕЗЕЦ",
		"РЕЗКА",
		"РЕЗНЯ",
		"РЕЗОН",
		"РЕЗУС",
		"РЕЙКА",
		"РЕЛЬС",
		"РЕНТА",
		"РЕПЕЙ",
		"РЕПКА",
		"РЕТРО",
		"РЕЧКА",
		"РЕШКА",
		"РИКША",
		"РИФМА",
		"РОБОТ",
		"РОВИК",
		"РОВНЯ",
		"РОГОЗ",
		"РОДИЧ",
		"РОДНЯ",
		"РОЖКИ",
		"РОЖОК",
		"РОЖОН",
		"РОЗГА",
		"РОЗНЬ",
		"РОКАН",
		"РОКЕР",
		"РОКОТ",
		"РОЛИК",
		"РОМАН",
		"РОНДО",
		"РОПОТ",
		"РОТИК",
		"РОТОР",
		"РОХЛЯ",
		"РОЯЛЬ",
		"РТУТЬ",
		"РУБЕЖ",
		"РУБЕЦ",
		"РУБИН",
		"РУБКА",
		"РУБЛЬ",
		"РУЖЬЁ",
		"РУИНЫ",
		"РУКАВ",
		"РУЛЕТ",
		"РУЛОН",
		"РУМБА",
		"РУМЫН",
		"РУПИЯ",
		"РУПОР",
		"РУСАК",
		"РУСИЧ",
		"РУСЛО",
		"РУЧЕЙ",
		"РУЧКА",
		"РЫБАК",
		"РЫБКА",
		"РЫВОК",
		"РЫЖИЙ",
		"РЫЖИК",
		"РЫНДА",
		"РЫНОК",
		"РЫСАК",
		"РЫСЦА",
		"РЫТЬЁ",
		"РЫЧАГ",
		"РЭКЕТ",
		"РЮМКА",
		"РЯДНО",
		"РЯДОК",
		"РЯСКА",
		"РЯШКА",
		"САБЛЯ",
		"САВАН",
		"САДИК",
		"САДОК",
		"САЗАН",
		"САЙГА",
		"САЙРА",
		"САКЛЯ",
		"САЛАТ",
		"САЛОН",
		"САЛУН",
		"САЛЮТ",
		"САМБА",
		"САМБО",
		"САМЕЦ",
		"САМКА",
		"САНКИ",
		"САПЁР",
		"САПОГ",
		"САРАЙ",
		"САТИН",
		"САТИР",
		"САУНА",
		"САХАР",
		"САЧОК",
		"СБРОД",
		"СБРОС",
		"СБРУЯ",
		"СВАМИ",
		"СВАРА",
		"СВАХА",
		"СВЕЧА",
		"СВИНГ",
		"СВИСТ",
		"СВИТА",
		"СВОРА",
		"СВОЯК",
		"СВЯЗЬ",
		"СГЛАЗ",
		"СДАЧА",
		"СДВИГ",
		"СДОБА",
		"СЕАНС",
		"СЕВЕР",
		"СЕДАН",
		"СЕДЛО",
		"СЕДОК",
		"СЕЗАМ",
		"СЕЗОН",
		"СЕКТА",
		"СЕЛЕН",
		"СЁМГА",
		"СЕМИТ",
		"СЕМЬЯ",
		"СЕНАТ",
		"СЕНЦЫ",
		"СЕРИЯ",
		"СЕРСО",
		"СЕТКА",
		"СИВКА",
		"СИДОР",
		"СИЕНА",
		"СИКЛЬ",
		"СИЛАЧ",
		"СИЛЁН",
		"СИЛОК",
		"СИЛОС",
		"СИНГЛ",
		"СИНОД",
		"СИНУС",
		"СИНЯК",
		"СИРОП",
		"СИТЕЦ",
		"СИТРО",
		"СИФОН",
		"СКАЛА",
		"СКАРБ",
		"СКАУТ",
		"СКВЕР",
		"СКВОШ",
		"СКЕЙТ",
		"СКЕТЧ",
		"СКИРД",
		"СКЛАД",
		"СКЛЕП",
		"СКЛОН",
		"СКОБА",
		"СКОТЧ",
		"СКРАБ",
		"СКРИП",
		"СКУКА",
		"СКУЛА",
		"СКУНС",
		"СЛАВА",
		"СЛАЙД",
		"СЛЕГА",
		"СЛЕЗА",
		"СЛЕНГ",
		"СЛИВА",
		"СЛИЗЬ",
		"СЛОВО",
		"СЛУГА",
		"СЛЮДА",
		"СЛЮНА",
		"СЛЮНИ",
		"СМЕНА",
		"СМЕРД",
		"СМЕРЧ",
		"СМЕРШ",
		"СМЕСЬ",
		"СМЕТА",
		"СМОЛА",
		"СМОЛЬ",
		"СМОТР",
		"СМРАД",
		"СМУТА",
		"СМЫСЛ",
		"СНЕДЬ",
		"СНОСИ",
		"СНОХА",
		"СОБЕС",
		"СОБОР",
		"СОВЕТ",
		"СОВКА",
		"СОВОК",
		"СОДОМ",
		"СОЗЫВ",
		"СОЙКА",
		"СОКОЛ",
		"СОЛОД",
		"СОМИК",
		"СОНЕТ",
		"СОПКА",
		"СОПЛИ",
		"СОПЛО",
		"СОПЛЯ",
		"СОСЕД",
		"СОСЕЦ",
		"СОСКА",
		"СОСНА",
		"СОСОК",
		"СОСУД",
		"СОТАЯ",
		"СОТКА",
		"СОТНЯ",
		"СОФИТ",
		"СОШКА",
		"СПАЗМ",
		"СПЕСЬ",
		"СПИНА",
		"СПИРТ",
		"СПИЦА",
		"СПЛАВ",
		"СПЛИН",
		"СПОРА",
		"СПОРТ",
		"СПРЕЙ",
		"СПРОС",
		"СПРУТ",
		"СПУСК",
		"СРЕДА",
		"ССОРА",
		"ССУДА",
		"СТАДО",
		"СТАЛЬ",
		"СТАНС",
		"СТАРТ",
		"СТАТЬ",
		"СТВОЛ",
		"СТВОР",
		"СТЕЗЯ",
		"СТЕЙК",
		"СТЕЛА",
		"СТЕНА",
		"СТЕНД",
		"СТЕПЬ",
		"СТИЛЬ",
		"СТИХИ",
		"СТОИК",
		"СТОЛБ",
		"СТОЛП",
		"СТОПА",
		"СТОЯК",
		"СТРАЖ",
		"СТРАЗ",
		"СТРАХ",
		"СТРИЖ",
		"СТРИТ",
		"СТРОЙ",
		"СТРОП",
		"СТРУГ",
		"СТРУП",
		"СТРУЯ",
		"СТУЖА",
		"СТУПА",
		"СУДАК",
		"СУДИЯ",
		"СУДНО",
		"СУДОК",
		"СУДЬЯ",
		"СУЕТА",
		"СУКНО",
		"СУМКА",
		"СУММА",
		"СУРИК",
		"СУРОК",
		"СУСЕК",
		"СУТКИ",
		"СУТРА",
		"СУФИЙ",
		"СУФЛЕ",
		"СУЧКА",
		"СУЧОК",
		"СУШКА",
		"СУЩЕЕ",
		"СФЕРА",
		"СХЕМА",
		"СХИМА",
		"СХРОН",
		"СЦЕНА",
		"СЧЁТЫ",
		"СЪЕЗД",
		"СЫНОК",
		"СЫРОК",
		"СЫРЬЁ",
		"СЫЩИК",
		"СЮЖЕТ",
		"СЮИТА",
		"ТАБАК",
		"ТАБЛО",
		"ТАБОР",
		"ТАБУН",
		"ТАВРО",
		"ТАЗИК",
		"ТАЙГА",
		"ТАЙКА",
		"ТАЙНА",
		"ТАКСА",
		"ТАКСИ",
		"ТАЛЕС",
		"ТАЛИБ",
		"ТАЛИЯ",
		"ТАЛОН",
		"ТАЛЬК",
		"ТАМГА",
		"ТАНГО",
		"ТАНЕЦ",
		"ТАНИН",
		"ТАНКА",
		"ТАПЁР",
		"ТАПКА",
		"ТАРАН",
		"ТАРИФ",
		"ТАХТА",
		"ТАЧКА",
		"ТВАРЬ",
		"ТВИСТ",
		"ТЕАТР",
		"ТЕЗИС",
		"ТЁЗКА",
		"ТЕКСТ",
		"ТЕЛЕК",
		"ТЕЛЕЦ",
		"ТЕЛИК",
		"ТЁЛКА",
		"ТЕЛОК",
		"ТЕМБР",
		"ТЕМКА",
		"ТЕНГЕ",
		"ТЕНОР",
		"ТЕПЛО",
		"ТЕРЕМ",
		"ТЕРЕЦ",
		"ТЁРКА",
		"ТЕСАК",
		"ТЕСТО",
		"ТЕСТЬ",
		"ТЁТКА",
		"ТИМУС",
		"ТИПАЖ",
		"ТИПУН",
		"ТИРАЖ",
		"ТИРАН",
		"ТИСКИ",
		"ТИТАН",
		"ТИТУЛ",
		"ТКАНЬ",
		"ТОВАР",
		"ТОЛПА",
		"ТОЛЩА",
		"ТОМАТ",
		"ТОМИК",
		"ТОМИЧ",
		"ТОНИК",
		"ТОННА",
		"ТОНУС",
		"ТОПАЗ",
		"ТОПИК",
		"ТОПКА",
		"ТОПОР",
		"ТОПОС",
		"ТОПОТ",
		"ТОРБА",
		"ТОРЕЦ",
		"ТОРИЙ",
		"ТОРОС",
		"ТОСКА",
		"ТОТЕМ",
		"ТОЧКА",
		"ТРАВА",
		"ТРАКТ",
		"ТРАНС",
		"ТРАНШ",
		"ТРАСТ",
		"ТРАТА",
		"ТРАУР",
		"ТРЕБА",
		"ТРЕЙД",
		"ТРЕЛЬ",
		"ТРЕНД",
		"ТРЕСК",
		"ТРЕСТ",
		"ТРЕТЬ",
		"ТРЕУХ",
		"ТРИБА",
		"ТРИКО",
		"ТРОМБ",
		"ТРОПА",
		"ТРОЯК",
		"ТРУБА",
		"ТРУСЫ",
		"ТРУХА",
		"ТРЮМО",
		"ТУБУС",
		"ТУЛУП",
		"ТУЛЬЯ",
		"ТУЛЯК",
		"ТУМАК",
		"ТУМАН",
		"ТУМБА",
		"ТУНЕЦ",
		"ТУПИК",
		"ТУРКА",
		"ТУРНЕ",
		"ТУРОК",
		"ТУФЛЯ",
		"ТУФТА",
		"ТУЧКА",
		"ТУШКА",
		"ТЩЕТА",
		"ТЫКВА",
		"ТЫЧОК",
		"ТЮБИК",
		"ТЮФЯК",
		"ТЯГАЧ",
		"ТЯЖБА",
		"ТЯПКА",
		"УАЗИК",
		"УБЫЛЬ",
		"УГОДА",
		"УГОЛЬ",
		"УГОРЬ",
		"УДАЛЬ",
		"УДАЧА",
		"УДЕРЖ",
		"УДИЛА",
		"УЗБЕК",
		"УЗДЦЫ",
		"УЗНИК",
		"УКЛАД",
		"УКЛОН",
		"УКРОП",
		"УКСУС",
		"УЛИКА",
		"УЛИТА",
		"УЛИЦА",
		"УМНИК",
		"УМОЛК",
		"УМОРА",
		"УНТЕР",
		"УНЦИЯ",
		"УПРЁК",
		"УПЫРЬ",
		"УСПЕХ",
		"УСТАВ",
		"УСТОЙ",
		"УСТУП",
		"УСТЬЕ",
		"УТЕРЯ",
		"УТЕХА",
		"УТИЛЬ",
		"УХАРЬ",
		"УХВАТ",
		"УЧЁБА",
		"УЧХОЗ",
		"УШИЦА",
		"УЩЕРБ",
		"ФАВОР",
		"ФАГОТ",
		"ФАЗАН",
		"ФАКЕЛ",
		"ФАКИР",
		"ФАЛДА",
		"ФАНАТ",
		"ФАНЗА",
		"ФАНТА",
		"ФАРСИ",
		"ФАСАД",
		"ФАСОН",
		"ФАУНА",
		"ФАЯНС",
		"ФЕНОЛ",
		"ФЕРЗЬ",
		"ФЕРМА",
		"ФЕСКА",
		"ФЕТИШ",
		"ФИБРА",
		"ФИГНЯ",
		"ФИЗИК",
		"ФИКУС",
		"ФИЛЁР",
		"ФИЛИН",
		"ФИЛОН",
		"ФИЛЬМ",
		"ФИНАЛ",
		"ФИНИК",
		"ФИНИШ",
		"ФИНКА",
		"ФИОРД",
		"ФИРМА",
		"ФИШКА",
		"ФЛАНГ",
		"ФЛИРТ",
		"ФЛОКС",
		"ФЛОРА",
		"ФЛЮИД",
		"ФЛЯГА",
		"ФОБИЯ",
		"ФОКУС",
		"ФОМКА",
		"ФОРМА",
		"ФОРТЕ",
		"ФОРУМ",
		"ФОТКА",
		"ФОТОН",
		"ФРАЕР",
		"ФРАЗА",
		"ФРАНК",
		"ФРАНТ",
		"ФРЕЗА",
		"ФРЕЙМ",
		"ФРЕНЧ",
		"ФРЕОН",
		"ФРОНТ",
		"ФРУКТ",
		"ФРУНТ",
		"ФУГАС",
		"ФУЖЕР",
		"ФУРАЖ",
		"ФУРИЯ",
		"ФУРОР",
		"ФУФЛО",
		"ФУЭТЕ",
		"ФЬОРД",
		"ФЮРЕР",
		"ХАБАР",
		"ХАДЖИ",
		"ХАЗАР",
		"ХАЙЛО",
		"ХАКЕР",
		"ХАЛАТ",
		"ХАЛВА",
		"ХАЛИФ",
		"ХАМКА",
		"ХАНЖА",
		"ХАНКА",
		"ХАРЧО",
		"ХАСИД",
		"ХАТКА",
		"ХВАЛА",
		"ХВОРЬ",
		"ХВОСТ",
		"ХЕРЕС",
		"ХЕРНЯ",
		"ХИМИК",
		"ХИМИЯ",
		"ХИНДИ",
		"ХИППИ",
		"ХИТОН",
		"ХЛЫСТ",
		"ХЛЯБЬ",
		"ХМАРЬ",
		"ХМЕЛЬ",
		"ХМЫРЬ",
		"ХОББИ",
		"ХОБОТ",
		"ХОДЖА",
		"ХОДКА",
		"ХОДОК",
		"ХОЛКА",
		"ХОЛОД",
		"ХОЛОП",
		"ХОЛСТ",
		"ХОЛУЙ",
		"ХОМУТ",
		"ХОМЯК",
		"ХОРАЛ",
		"ХОРДА",
		"ХОРЕЙ",
		"ХОРЁК",
		"ХОХМА",
		"ХОХОЛ",
		"ХОХОТ",
		"ХРЕНЬ",
		"ХРУСТ",
		"ХРЯПА",
		"ХУЙНЯ",
		"ХУНТА",
		"ХУРМА",
		"ХУТОР",
		"ЦАПЛЯ",
		"ЦАРЁК",
		"ЦАЦКА",
		"ЦЕВЬЁ",
		"ЦЕДРА",
		"ЦЕЗИЙ",
		"ЦЕЛИК",
		"ЦЕЛКА",
		"ЦЕЛОЕ",
		"ЦЕНТР",
		"ЦЕРКА",
		"ЦИГУН",
		"ЦИНГА",
		"ЦИНИК",
		"ЦИФРА",
		"ЦОКОТ",
		"ЦУКАТ",
		"ЦЫГАН",
		"ЦЫПКА",
		"ЧАБАН",
		"ЧАДРА",
		"ЧАЙКА",
		"ЧАКРА",
		"ЧАЛМА",
		"ЧАРКА",
		"ЧАСИК",
		"ЧАСОК",
		"ЧАСТЬ",
		"ЧАШКА",
		"ЧЕКАН",
		"ЧЁЛКА",
		"ЧЕПЕЦ",
		"ЧЕРВЬ",
		"ЧЕРЁД",
		"ЧЕРЕП",
		"ЧЕРНЬ",
		"ЧЕРТА",
		"ЧЕСТЬ",
		"ЧЁТКИ",
		"ЧЕХОЛ",
		"ЧЕЧЕН",
		"ЧЕШКА",
		"ЧЕШУЯ",
		"ЧИБИС",
		"ЧИПСЫ",
		"ЧИРЕЙ",
		"ЧИСЛО",
		"ЧИТКА",
		"ЧИФИР",
		"ЧРЕВО",
		"ЧТИВО",
		"ЧУБИК",
		"ЧУБУК",
		"ЧУВАК",
		"ЧУВАЛ",
		"ЧУВАШ",
		"ЧУГУН",
		"ЧУДАК",
		"ЧУДИК",
		"ЧУЖАК",
		"ЧУЖОЕ",
		"ЧУЖОЙ",
		"ЧУКЧА",
		"ЧУЛАН",
		"ЧУЛОК",
		"ЧУМАК",
		"ЧУРКА",
		"ЧУТЬЁ",
		"ЧУШКА",
		"ШАБАШ",
		"ШАВКА",
		"ШАЖОК",
		"ШАЙБА",
		"ШАЙКА",
		"ШАКАЛ",
		"ШАЛАШ",
		"ШАЛУН",
		"ШАМАН",
		"ШАПКА",
		"ШАРИК",
		"ШАССИ",
		"ШАТЕН",
		"ШАТЁР",
		"ШАТТЛ",
		"ШАТУН",
		"ШАФЕР",
		"ШАХИД",
		"ШАХТА",
		"ШАШКА",
		"ШАШНИ",
		"ШВАЛЬ",
		"ШЕЙКА",
		"ШЕЛОМ",
		"ШЕЛЬФ",
		"ШЁПОТ",
		"ШЕРИФ",
		"ШИБЕР",
		"ШИВЕР",
		"ШИПИК",
		"ШИРМА",
		"ШИТЬЁ",
		"ШИФЕР",
		"ШИФОН",
		"ШИХТА",
		"ШИШКА",
		"ШКАЛА",
		"ШКВАЛ",
		"ШКОДА",
		"ШКОЛА",
		"ШКУРА",
		"ШЛАНГ",
		"ШЛЕЙФ",
		"ШЛЮХА",
		"ШЛЯПА",
		"ШМЕЛЬ",
		"ШНАПС",
		"ШОРОХ",
		"ШОРТЫ",
		"ШОССЕ",
		"ШОФЁР",
		"ШПАГА",
		"ШПАЛА",
		"ШПАНА",
		"ШПИЛЬ",
		"ШПИОН",
		"ШПОРА",
		"ШПРИЦ",
		"ШПРОТ",
		"ШРИФТ",
		"ШТАМБ",
		"ШТАММ",
		"ШТАМП",
		"ШТАНЫ",
		"ШТИЛЬ",
		"ШТОРА",
		"ШТОРМ",
		"ШТРАФ",
		"ШТРЕК",
		"ШТРИХ",
		"ШТУКА",
		"ШТУРМ",
		"ШТЫРЬ",
		"ШУБКА",
		"ШУЛЕР",
		"ШУМЕР",
		"ШУМОК",
		"ШУРИН",
		"ШУРУП",
		"ШУТКА",
		"ШУХЕР",
		"ШХУНА",
		"ЩЕБЕТ",
		"ЩЕГОЛ",
		"ЩЁЛКА",
		"ЩЁЛОК",
		"ЩЕНОК",
		"ЩЕПКА",
		"ЩЁТКА",
		"ЩЁЧКА",
		"ЩИПОК",
		"ЩИПЦЫ",
		"ЩИТОК",
		"ЭВЕНК",
		"ЭГИДА",
		"ЭЙДОС",
		"ЭКЗОТ",
		"ЭКЛЕР",
		"ЭКРАН",
		"ЭЛИТА",
		"ЭЛЛИН",
		"ЭМАЛЬ",
		"ЭПОХА",
		"ЭРБИЙ",
		"ЭРЗАЦ",
		"ЭРКЕР",
		"ЭСКИЗ",
		"ЭСТЕТ",
		"ЭТИКА",
		"ЭТНОС",
		"ЭФИОП",
		"ЮДОЛЬ",
		"ЮНИОР",
		"ЮНКЕР",
		"ЮННАТ",
		"ЮНОША",
		"ЮРИСТ",
		"ЮРФАК",
		"ЯБЕДА",
		"ЯГОДА",
		"ЯГУАР",
		"ЯИЧКО",
		"ЯКОРЬ",
		"ЯМИНА",
		"ЯМЩИК",
		"ЯНТРА",
		"ЯРЛЫК",
		"ЯСЕНЬ",
		"ЯСТВО",
		"ПАПИЧ",
		"ДУДЕЦ",
		"СУПЕР",
		"УСИКИ",
		"ЛОГИН",
		"ПУКИЧ",
		"КАПЕЦ"
		]

	}
}
