{
	"maxGuesses": 6,
	"wordleOffset": 0,
	"shareName": "Wordle (IT) DS",
	"lossMessage": "Più fortuna domani...\nLa risposta è stata:",
	"tooShortMessage": "Non abbastanza lettere",
	"notWordMessage": "Non nell'elenco di parole",
	"creditStr": "Wordle DS\ndi Pk11",
	"nthMustBeX": "%d%s la lettera deve essere %s",
	"guessMustContainX": "Indovina deve contenere %s",
	"emoji": {
		"green": "🟩",
		"greenAlt":"🟧",
		"yellow": "🟨",
		"yellowAlt": "🟦",
		"white": "⬜"
	},
	"howto": {
		"words": [
			"OBOLO",
			"CENNO",
			"LENZA"
		],
		"colors": [
			"green", "white", "white", "white", "white",
			"white", "yellow", "white", "white", "white",
			"white", "white", "white", "gray", "white"
		]
	},
	"victoryMessages": [
		"Genio",
		"Magnifica",
		"Degno di nota",
		"Splendida",
		"Bravo",
		"Uff"
	],
	"numberSuffixes": {
		"1": "ª",
		"2": "ª",
		"3": "ª",
		"default": "ª"
	},
	"letters": [
		"A",
		"B",
		"C",
		"D",
		"E",
		"F",
		"G",
		"H",
		"I",
		"J",
		"K",
		"L",
		"M",
		"N",
		"O",
		"P",
		"Q",
		"R",
		"S",
		"T",
		"U",
		"V",
		"W",
		"X",
		"Y",
		"Z"
	],
	"keyboard": [
		[4,  114,  "Q"], [29, 114, "W"], [54, 114, "E"], [79, 114, "R"], [104, 114, "T"], [129, 114, "Y"], [154, 114, "U"], [179, 114, "I"], [204, 114,  "O"], [229, 114, "P"],
		[16, 140,  "A"], [41, 140, "S"], [66, 140, "D"], [91, 140, "F"], [116, 140, "G"], [141, 140, "H"], [166, 140, "J"], [191, 140, "K"], [216, 140,  "L"],
		[4,  166, "\n"], [41, 166, "Z"], [66, 166, "X"], [91, 166, "C"], [116, 166, "V"], [141, 166, "B"], [166, 166, "N"], [191, 166, "M"], [216, 166, "\b"]
	],
	"palettes": {
		"letter": {
			"regular": [
				["0x0000", "0x6B5A", "0x7FFF", "0x0000", "0x0C63", "0x14A5", "0x1CE7", "0x2529", "0x2D6B", "0x35AD", "0x4210", "0x4E94", "0x56B5", "0x6318", "0x6B5A", "0x739C"],
				["0x0000", "0x4631", "0x7FFF", "0x0000", "0x0C63", "0x14A5", "0x1CE7", "0x2529", "0x2D6B", "0x35AD", "0x4210", "0x4E94", "0x56B5", "0x6318", "0x6B5A", "0x739C"],
				["0x0000", "0x39CE", "0x39CE", "0x7FFF", "0x77DD", "0x739C", "0x6F7B", "0x6B5A", "0x6739", "0x6318", "0x5AD6", "0x56B5", "0x4E94", "0x4A52", "0x4631", "0x4210"],
				["0x0000", "0x2ED8", "0x2ED8", "0x7FFF", "0x77DE", "0x73BD", "0x6B9C", "0x677C", "0x5F5B", "0x5B5B", "0x573A", "0x4F3A", "0x4B1A", "0x42F9", "0x3AF9", "0x32D8"],
				["0x0000", "0x32AD", "0x32AD", "0x7FFF", "0x77DD", "0x73BC", "0x6F9B", "0x6B7A", "0x6359", "0x5F57", "0x5B36", "0x5314", "0x4AF3", "0x42D1", "0x3AAE", "0x36AD"]
		
			],
			"highContrast": [
				["0x0000", "0x6B5A", "0x7FFF", "0x0000", "0x0C63", "0x14A5", "0x1CE7", "0x2529", "0x2D6B", "0x35AD", "0x4210", "0x4E94", "0x56B5", "0x6318", "0x6B5A", "0x739C"],
				["0x0000", "0x4631", "0x7FFF", "0x0000", "0x0C63", "0x14A5", "0x1CE7", "0x2529", "0x2D6B", "0x35AD", "0x4210", "0x4E94", "0x56B5", "0x6318", "0x6B5A", "0x739C"],
				["0x0000", "0x39CE", "0x39CE", "0x7FFF", "0x77DD", "0x739C", "0x6F7B", "0x6B5A", "0x6739", "0x6318", "0x5AD6", "0x56B5", "0x4E94", "0x4A52", "0x4631", "0x4210"],
				["0x0000", "0x7AF0", "0x7AF0", "0x7FFF", "0x7FDE", "0x7BDD", "0x7BBC", "0x7BBB", "0x7B9A", "0x7B99", "0x7B78", "0x7B57", "0x7B56", "0x7B35", "0x7B13", "0x7B12"],
				["0x0000", "0x1DFD", "0x1DFD", "0x7FFF", "0x7BDF", "0x739E", "0x6B7E", "0x635E", "0x5B1E", "0x56DE", "0x4EBD", "0x469D", "0x427D", "0x363D", "0x2A1D", "0x21FD"]
			]
		},
		"font": {
			"regular": [
				["0xFFFF", "0xDEF7", "0xC631", "0x8000"],
				["0x0000", "0xEF7B", "0xD6B5", "0xC631"],
				["0xFFFF", "0xDF57", "0xC2D1", "0x32AD"],
				["0x39CE", "0xC631", "0xF39C", "0xFFFF"],
				["0x32AD", "0xC2D1", "0xDF57", "0xFFFF"]
			],
			"highContrast": [
				["0xFFFF", "0xDEF7", "0xC631", "0x8000"],
				["0x0000", "0xEF7B", "0xD6B5", "0xC631"],
				["0xFFFF", "0xD6DE", "0xB63D", "0x1DFD"],
				["0x39CE", "0xC631", "0xF39C", "0xFFFF"],
				["0x1DFD", "0xB63D", "0xD6DE", "0xFFFF"]
			]
		}
	},
	"words": {
		"choices": ["GIGLI", "VEGLI", "CASBA", "UTILI", "PRIVO", "LAGHI", "SALPO", "GRIGI", "TURCO", "OVILE", "LOMBI", "BELVA", "EVITA", "COPPA", "AFOSO", "BULLO", "LASER", "TENDA", "DALIA", "BALLO", "CURDA", "FAUCI", "ATRIO", "MORDA", "BREVE", "LANCI", "FALLO", "MECCA", "ACETO", "CAMMA", "FOBIA", "ORCHI", "BIRRA", "SACRE", "MUTUO", "PORTA", "CEDRO", "RUTTO", "DILLO", "MUONE", "GAZZA", "DOTTA", "METRO", "DENTI", "PINTA", "RANGO", "FLEBO", "ACIDA", "CONGA", "PARCO", "COLZA", "CROCE", "PATTO", "NINFA", "FELPA", "AGONE", "FISSA", "PASTO", "SNODI", "DORMA", "PAMPA", "FLORA", "VENTO", "TARSO", "PRIMO", "EVASO", "REBUS", "MATTO", "COBRA", "TRITO", "SCIAI", "NETTO", "PERDE", "BALDO", "SUNTO", "CREAI", "MAGIA", "AEREO", "VENDO", "FONTE", "POSTO", "ABILE", "VESTE", "GERGO", "SBAFO", "GUANO", "BOTTE", "RISSA", "AMICI", "VOLTA", "NINJA", "PALLA", "NONNA", "ABUSA", "ZAPPA", "DANZA", "PEZZO", "MASAI", "ROMPA", "SENNO", "PENNA", "ASINO", "SEGGI", "POETA", "AGILE", "CELLA", "TIRAI", "OBICE", "SARTI", "SPERA", "CIFRA", "FURBA", "FORSE", "NAFTA", "ELICA", "PECCA", "ZEPPO", "LIANA", "IELLA", "SCAFO", "RETTO", "ASPRI", "VERDE", "RIBES", "SOLDI", "FRIGO", "DESIO", "SFOGO", "MALLO", "ACQUA", "LARGO", "DORSO", "MASSO", "CROMA", "TUONO", "TONFO", "SPUTO", "AFONA", "PANCE", "EROGA", "PASSI", "CALDO", "AVITO", "BUCHI", "VARIE", "MISTO", "TOSSE", "VERSI", "OFFRO", "COPIA", "COLUI", "COLPI", "ELEVO", "BIADA", "GRAVE", "SUINO", "OBOLO", "GOBBA", "PESCE", "CEDUO", "BABBO", "LISTA", "COSMO", "NARRI", "NASCE", "SAVIO", "GANZO", "CASCO", "NONIO", "VIBRA", "RITMI", "LAGNA", "ROSPO", "CIPPO", "POLPO", "SIEPE", "ADONE", "CASSA", "CIGLI", "FIATO", "TURNO", "FAIDA", "ADDIO", "LASCI", "GASSA", "LUNGA", "FARNE", "MIELE", "AUREO", "TOGLI", "SOLCO", "REMAI", "BUONO", "BURLA", "MARRE", "AEREA", "UMIDA", "SCOLO", "GALEA", "CRANI", "SETTE", "DIETA", "CESSO", "LORDE", "BISCA", "SAZIO", "MADRE", "PERNO", "MORTI", "PUNTA", "FORZA", "SCESO", "UDITO", "BAULE", "LESSO", "CEFFO", "ROGNA", "UDIVA", "AVENA", "CORTO", "BECCO", "OVAIA", "LETTO", "SUGHI", "UMANA", "EBETE", "SCUSA", "SERIO", "POEMA", "FOLTO", "MOTTO", "GREVE", "MORSO", "OMINO", "CALCI", "OSSIA", "UNICO", "PUZZI", "MUCCA", "TRENO", "ESCHE", "GOCCE", "FALCO", "CIELO", "BRANO", "CRODA", "PULSA", "PRESA", "SESTO", "PLEBE", "PUNGE", "TENIA", "REGIA", "COLAI", "ARNIA", "PARTO", "MARCE", "CENTO", "CRUDA", "CERVO", "CALCE", "ASILO", "BOSCO", "TONDA", "PONGO", "AVIDO", "ROCHE", "TARGA", "BAGNO", "CUORE", "SANTA", "UMORE", "MITRA", "PIZZA", "FIUTO", "PIACE", "FICHI", "SINTI", "GUSCI", "OBLIO", "GIOIA", "ASTRO", "CORDA", "SPORE", "URLAI", "SALSA", "ALIBI", "CONTE", "VERBO", "GONZO", "PALIO", "CREPE", "COSCE", "GOZZO", "BUSTA", "ROZZA", "STUDI", "SAREI", "FOSTE", "GNOMO", "MANNA", "ERNIA", "SORTO", "BRUNO", "PARSO", "TORRE", "AVARI", "SFIDA", "CAVIA", "FUGHE", "PORCI", "SOAVE", "FULVA", "MERCE", "VUOTI", "AFIDI", "PEANA", "RONFA", "VENTI", "ZECCA", "NEMBO", "BADAI", "STIRO", "SOGNO", "SOMMA", "ICONA", "MANDI", "COVAI", "ACINO", "SFILA", "CONTO", "FURTO", "JEANS", "TULLE", "DOLCE", "LIGIO", "PAZZI", "MOSSA", "GAMBA", "APRII", "PARLO", "VASCA", "SPARO", "SALMO", "GIOCO", "MANZO", "MUGHI", "RICCO", "GIURO", "COLSE", "BRAME", "TORNI", "ALVEO", "ETICA", "RUPPE", "POLLO", "FERRO", "CELAI", "VOLGE", "SOTTO", "BOCCA", "STADI", "PIENA", "EREDI", "VIZZO", "QUASI", "STIVA", "SERRA", "TAPPO", "PUGNI", "ELUDO", "INIZI", "ALATE", "GRUMO", "UNIRE", "RUZZO", "RESSA", "TESTE", "CINTA", "ADORI", "REBBI", "TORVE", "BORIE", "ZOZZE", "DRUPA", "BISCE", "PORGE", "NEGLI", "DUCHI", "AORTA", "FRASE", "BLUSA", "LIBRO", "VETRO", "TETTO", "FANTE", "RASOI", "SPIRA", "OTITE", "BAITA", "GRECO", "VIOLE", "SFIZI", "SUGNA", "BANCO", "OMONE", "FRODE", "MODEM", "CLERO", "ILARE", "CENNO", "CERRO", "RETTA", "BIMBA", "DANNO", "ODORE", "INVIO", "OVEST", "ANETO", "COCCO", "TEPPA", "LISCA", "VERMI", "SFUMO", "PARTE", "VARCO", "BANDE", "ERICA", "SONDA", "GENTE", "RATTI", "PESCA", "POLSO", "GEMMA", "COMMA", "OCCHI", "LARDO", "CIBAI", "APICE", "POGGI", "PAESE", "AMENI", "EDUCA", "ANIMO", "RAZZA", "GRATA", "IGNEO", "COCCI", "PINNA", "CONCA", "EBREO", "RODEO", "PUNTI", "SERPE", "FAUNA", "AGAPE", "VERZA", "PAGHE", "RIFFA", "SLOGO", "SBAVI", "RIDDA", "FOLLE", "FIABE", "PORRO", "BULBO", "STELO", "STUFO", "AGAVE", "NAUSE", "LEGGO", "LOBBY", "FASCE", "ADULA", "MONTE", "GARZA", "TENGO", "ORGIA", "MAZZA", "EXTRA", "FERMO", "SOFFI", "BRINA", "FORMA", "TOZZA", "SAGHE", "RELAX", "ARARE", "SORSO", "BARBA", "GONFI", "MARNA", "MULTA", "GERME", "PIOVE", "BRUTI", "OLIVE", "GECHI", "CAMPA", "NEGAI", "MICCE", "PIGIO", "SCADE", "BORDI", "CUNEI", "TINTA", "SABBA", "VISTA", "CACIO", "ROGGE", "OZONO", "TALEA", "LIUTO", "EPURO", "ERANO", "PEGNI", "TESTA", "VETTA", "SORBO", "PRUDE", "SODIO", "TASSA", "TONTI", "FREGI", "CALLI", "LATTA", "CALCA", "CAGNA", "CONCI", "ANNOI", "MEDIA", "SVAGO", "DENSO", "CAMBI", "ACARI", "GRATO", "ARABI", "TARPO", "ONERI", "SFERA", "SELCI", "SAUNA", "FALSO", "DAINO", "FUNGO", "STARE", "POLPA", "SCOPA", "EDEMA", "SVITO", "LEMMA", "NERVI", "GETTO", "NOCCA", "ERIGO", "TARLO", "TROTA", "CULLA", "ROCCE", "RUMBA", "UGOLA", "FANGO", "NENIA", "BRACE", "STOLA", "ANDAI", "PIZZO", "CITAI", "TATUO", "TOSAI", "UDIRE", "DARDO", "SCEMI", "TIGLI", "FRASI", "BORSA", "ZAINO", "ROGHI", "ESOSO", "AZOTO", "NORME", "GLIFO", "CANTO", "FORRA", "REGGO", "CREMA", "LIZZA", "EDERA", "USANO", "SLEGO", "ZUCCA", "BALZO", "RECAI", "BIVIO", "VACUO", "ADUSO", "UMILE", "DOSSI", "BIRBA", "TANGO", "RIUSO", "RICCI", "PUFFI", "VACCA", "SELVA", "CALAI", "CALZE", "LINDA", "BOLLO", "ESPIO", "ALZAI", "SMISE", "SEPPI", "PENDE", "GIARA", "TARME", "SCOVA", "LECCA", "SPUMA", "VOLAI", "BASTA", "CENGE", "LADRO", "CROMO", "SCHWA", "DIADE", "ROMBO", "SBUCA", "CURRY", "UNIVA", "POMPA", "ISTMO", "TOCCA", "PASSA", "NANNA", "DIRMI", "NERBO", "OSSEA", "COZZO", "CAPRA", "VASAI", "BIECO", "ZINCO", "OLIAI", "TOLTA", "LINFA", "DITTA", "MAMMA", "BEFFA", "TREMO", "POCHI", "SERIE", "TACCO", "BLESA", "TEMPO", "MAGMA", "POSTA", "NUCHE", "TALPA", "TUTTE", "AVUTO", "FESSO", "BRAVI", "ZITTI", "SVEVO", "DROGA", "DESCO", "MICIO", "BAZAR", "ALCOL", "KOALA", "PENNE", "PREGO", "FIERA", "LEALE", "VISPA", "FIALA", "DUOLE", "TRONO", "GUAIO", "LOTTI", "SEDIA", "FOSCO", "SCUDO", "COEVO", "STESA", "ABETI", "SIAMO", "SVASO", "CAPPA", "TESSE", "COSCA", "CANOA", "OSTIA", "BALIA", "CULTO", "TARDI", "TENDE", "COSTI", "FIERO", "DIMMI", "CUCCE", "CALVA", "BRADO", "LIETA", "ACUTI", "UGGIA", "FELCE", "FOSSE", "LACCI", "DESTA", "LENZA", "MORBO", "PIGLI", "LONZA", "FRESA", "AMARO", "FATUO", "DIGHE", "SONNO", "COLTA", "OVVIO", "PARVE", "VALGO", "VEZZO", "DRAGO", "SOLFA", "ESULE", "DOPPI", "NEVAI", "VOGHI", "BOLLA", "ULIVO", "REGIO", "RUOTA", "CARIE", "SUOLO", "EGIZI", "CALCO", "LUOGO", "SUGLI", "TAIGA", "REGNO", "SVELO", "CHINA", "SCURE", "LASCO", "CUOIO", "CEPPO", "COLMA", "TANTO", "PROVE", "AGITO", "DISCO", "GOFFE", "CRASI", "BERLO", "PREMI", "BALLE", "ANCIA", "TALLO", "ZUPPA", "SPELO", "ALITO", "OPPIO", "RIGHE", "ASOLA", "RAZZO", "TIGNA", "PRATO", "GRAMA", "FOIBE", "MANCA", "LISCI", "FRATE", "TOLDA", "VISSE", "PECCO", "CIUCO", "PRORA", "GESTI", "COLLA", "CENSO", "TORBA", "RENNA", "MUOVI", "VANGA", "GARBO", "TASSO", "SPECK", "OSARE", "BUDDA", "TERZO", "CICLO", "BIGIA", "GALLO", "PRESO", "FRANA", "DEGNA", "RAMPA", "PORTO", "CAUSA", "PACCA", "ASSAI", "USATO", "SAGRA", "SPESA", "CESPO", "GUSTO", "RONDA", "SOBRI", "PISTA", "LAVAI", "BUTTA", "FUSTO", "TAZZA", "LUCRO", "VANNO", "PERLA", "SFUSO", "MAGHI", "CARDO", "VENIA", "DOMAI", "GOMMA", "PALPO", "RUSPA", "SARDE", "MOGLI", "CIRCO", "PREDA", "RENDE", "LEGNA", "TORCE", "RUSSO", "CENAI", "PADRE", "DISTO", "CURIO", "CROCO", "PACCO", "RANDA", "ASCIA", "ABITO", "FORNO", "OVALE", "TASCA", "SAGGI", "USARE", "AMBRA", "PASSO", "GORGO", "CLONE", "BITTA", "USAVI", "BACCA", "TOTEM", "LIEVE", "TILDE", "FAINA", "SELLA", "CIGNO", "OMBRA", "CONIO", "FUOCO", "MUOIO", "BRUCO", "OGIVA", "TAPPE", "RUOLO", "CETRA", "DAZIO", "CARGO", "FOCHE", "REAME", "ABBAI", "PRUNO", "MANIA", "ORALE", "CENCI", "CREDO", "PIAGA", "VISTO", "GUADO", "SPINE", "SECCA", "ANNUO", "PANNA", "TERNA", "BURRO", "VASTO", "ETNIA", "COLLO", "BARCA", "ESIGO", "VIDEO", "PULCE", "SACCO", "FORUM", "CRETA", "VULVA", "PROLE", "KAPPA", "COTTA", "MONCA", "TESTO", "SPIGA", "SAMBA", "FIGLI", "ROBOT", "VILLA", "QUALE", "RITTO", "SALTO", "MENSA", "TRAMA", "PANDA", "SIGLA", "FORCA", "ISOLA", "CANEA", "CORNA", "LACCA", "PROSA", "OPTAI", "LAMPO", "FARSA", "SLAVI", "HANNO", "COZZE", "MAZZO", "RETRO", "BABAU", "OPINO", "ANELO", "NUTRE", "BIETA", "CARRO", "CORSA", "ROCCA", "CURAI", "AGLIO", "FUNGE", "CALME", "CANNA", "AMACA", "GUIDA", "MESSA", "BARAI", "PODIO", "ZAMPA", "TECHE", "SERVI", "UPUPA", "OVINI", "SEGHE", "SALDO", "PIGRO", "BIZZE", "BAZZA", "PIANO", "LEMBO", "SPOSI", "PERSO", "BARIO", "ETANO", "DETTO", "CURIA", "FOSSA", "MOSCA", "MONDO", "MOGIO", "FIORE", "OBESI", "LITIO", "GRAFO", "ARMAI", "PIUMA", "ESAME", "ABACO", "VELAI", "FIUME", "CESTA", "SUCCO", "SOLAI", "SCAVO", "PESTE", "CAMPO", "GNOSI", "AGATA", "FALDE", "ELOGI", "AMIDO", "TENTO", "BARRA", "LERCI", "CAMEO", "FISCO", "UNITO", "BRODO", "ZEPPA", "CHILO", "MEZZO", "CORSO", "LOSCO", "DUALE", "GELSO", "PARTI", "LIMBO", "CAPII", "GIOGO", "MAFIA", "NESSO", "BONGO", "CORVI", "FINGE", "MANGI", "FIBRA", "PELLI", "FETTA", "LEGAI", "FONDO", "CARTA", "DUBBI", "AVOLO", "DOCCE", "ORAFE", "AMAVO", "ONICE", "AIUTO", "PARIA", "LICEO", "PALCO", "CARME", "GATTO", "DONNA", "LEGHE", "TOGHE", "RIONE", "ONORE", "ADIPE", "GHISA", "BOMBA", "BANCA", "FERIE", "MENTO", "OLTRE", "PRODE", "FOLLA", "VUOLE", "EPICA", "EMANA", "LATTE", "GIADA", "KARMA", "GRADI", "VINSE", "TORTO", "NOTTE", "AVRAI", "CINSE", "STATO", "BELGA", "PRONO", "SEGUO", "VANTO", "RASPO", "CADDE", "PAPPA", "BASSO", "EDILE", "NUOCE", "ESILE", "PROBO", "AVERE", "SPOLA", "PANNO", "FOGNE", "NULLA", "LANCE", "DICCO", "GIRAI", "TONNO", "ESITO", "SPAGO", "SPADA", "TIBIA", "STAVI", "FARRO", "ATOMO", "DISFA", "ANICE", "GONNA", "MIRTO", "SCALI", "CRUNA", "LARVA", "SISMA", "CONTA", "PAGGI", "OSTRO", "MANTO", "FIRMA", "EMIRO", "BASCO", "USURA", "AVVIO", "FIENO", "UBBIA", "UTILE", "VERGA", "PELLE", "ODINO", "TURBE", "MANGO", "MUFFA", "VOLLE", "ZANNE", "SOZZA", "PATIO", "MALTA", "MAREA", "BIDET", "NATIA", "PESTO", "TIENI", "VOCIO", "BELLO", "VIOLA", "MILZA", "FATTO", "MOLLA", "METTO", "DIECI", "VESPA", "ENTRA", "MAPPA", "EBBRO", "MAGRO", "LEONE", "PATTA", "TIGRE", "ZIRLO", "VIGNA", "PASTA", "FIOCA", "BACHI", "SENTO", "ARCHI", "ROTTA", "AGIRE", "GIOVA", "CHETA", "PAUSA", "SFAMO", "FESTA", "COPPI", "PRETE", "SANNO", "SCOPO", "VINCO", "MARMO", "MARZO", "NUOTO", "MELMA", "ZOLLA", "LECCI", "FINTO", "AMALA", "COESA", "FEUDO", "REATO", "MOLTI", "FRUGA", "ARENA", "OMEGA", "SOSTA", "RAGGI", "TALCO", "SOPRA", "TANFO", "LENTA", "GOTTA", "EREMO", "CLIMA", "OPERA", "COLON", "AMPIO", "PORRE", "BRUMA", "PIADA", "POZZI", "VALLE", "ZOPPO", "BUCCE", "NIVEO", "BASTO", "RAGNO", "ORDII", "PIGNA", "CACHI", "EVOCO", "ERRAI", "ROSEA", "MENTA", "QUOTA", "SALVE", "ARPIE", "SUONO", "PANNE", "CECIO", "ONCIA", "SERRO", "CESIO", "VIZIO", "LOTTA", "BAFFI", "SUOLA", "DIREI", "DOGMA", "IDOLO", "CIRCA", "FITTO", "MERLO", "EMULO", "TORTA", "SIEDI", "PALMA", "BACIO", "COPRI", "BENDA", "SAPPI", "PESCO", "ADAGI", "SETTA", "VINAI", "TURPE", "TATTO", "FACCE", "ORATA", "AMEBA", "SUDAI", "BEONE", "MILLE", "CELTI", "COFFA", "ALONE", "RATTO", "FALCE", "RASPA", "MASSA", "PICCO", "PELAI", "AMATO", "CAUTO", "ETERE", "ULULA", "VINTI", "ASTIO", "BATTE", "IMITA", "ROSSA", "CASTA", "ZOMPO", "MAMBO", "ARIDA", "CHELA", "SORCI", "SESSO", "URINA", "CICCA", "DUOMO", "PIOLI", "LUCCI", "APNEA", "SECCO", "AZERO", "MARCA", "STIMA", "GIACE", "FREMO", "RUBLI", "OZIAI", "TRINO", "MANCE", "PONTE", "BADIA", "FAGGI", "BEGHE", "NUORA", "UTERO", "VENGA", "MORSA", "GESSO", "PINNE", "DRAGA", "EMOJI", "SORDI", "PEPLO", "ESODO", "PINZA", "BOCCE", "VERSO", "CORTE", "MESTA", "BUGIE", "ESTRO", "ORMAI", "BOTTI", "SANSA", "BORGO", "TORDO", "LESTA", "SUORE", "CREPI", "BUFFA", "DIARI", "EPOCA", "NOMEA", "RAUCA", "PAREO", "POZZA", "CLOWN", "TERME", "MOSCI", "TRAVE", "ABATE", "FAMMI", "PIEDE", "ORCIO", "TORME", "OVULO", "MUSEO", "ETNEA", "SOMMO", "BEATO", "GAMBO", "AMORE", "EFEBO", "OPACO", "STURO", "ADITO", "VELLO", "BERCI", "DOGHE", "FRENO", "ANODO", "PETTO", "EROSO", "METEO", "FUMMO", "BARDO", "LEPRI", "STILE", "VOLTO", "TACCA", "ANTRO", "MALGA", "RUGHE", "CELIA", "FREGA", "ACERO", "POLIO", "ORARI", "SPAZI", "BUSTI", "CARPA", "SIDRO", "ALTRA", "TOSTA", "CUCIO", "ZEBRA", "TROVA", "CACAO", "PALMO", "SCALA", "TERSA", "FANNO", "SENZA", "CRISI", "TASTO", "CORPO", "ETIMO", "TECNO", "SALMA", "TOMBA", "LEGNO", "RESTO", "AUDIO", "PRIMA", "TIZIO", "TOPPA", "ALBUM", "SOSIA", "SERBO", "OMERO", "BALSA", "NYLON", "FORTE", "GRETO", "ALGHE", "NAPPA", "PANCA", "DRONE", "UMORI", "LINCE", "VIALE", "CURVA", "COLGO", "SIGMA", "BRIGA", "TETRO", "CISTI", "PESAI", "NUOVO", "MOSTO", "TORSO", "POPPA", "FUORI", "LEGGE", "BIOMA", "SIERO", "PIEGA", "BOZZA", "GHIRO", "CERTA", "RISMA", "HOTEL", "CARNE", "VITTO", "GRANA", "BOATO", "FURIA", "NASSA", "LITRO", "RUPIA", "LUSSO", "SETTO", "ARDUA", "RULLO", "CARTE", "CIECA", "ZONZO", "VIRUS", "STONA", "RADIO", "GRIDA", "VIETO", "GAMMA", "TERGA", "IODIO", "REALE", "ANCHE", "GENIO", "GANCI", "PONFO", "ABBIA", "GOLFO", "BRUCI", "PENAI", "GRANO", "CAVAI", "DIODO", "SPORT", "BAMBU", "SASSO", "FUMAI", "GOGNA", "FOGLI", "SENSO", "POSSO", "TUFFO", "AROMA", "NOTAI", "VAGHE", "NOZZE", "EBANO", "CORRA", "TERRA", "PAURA", "LUTTO", "MOZZI", "TENUE", "MIOPE", "ALICE", "CLORO", "PLICO", "BUSSO", "IRIDE", "PENSA", "RUBAI", "SCENA", "VOLPE", "USCIO", "OMISE", "ACUME", "COSTA", "COLMO", "TEDIO", "COLPE", "DAMMI", "PURGA", "PIEVE", "SOCIO", "ANSIA", "LINEA", "CUOCA", "SEGNO", "POSAI", "CIRRI", "TAGLI", "CRINE", "TENNI", "ZOLFO", "GLOBO", "CARSO", "LAICO", "PALLE", "SORGE", "CASSE", "ZUFFA", "VIENI", "CERCO", "CLAVA"],
		"guesses": ["ONCIA", "DUBBI", "CORRA", "LITRO", "SPARO", "CARTA", "NASCE", "PUNTI", "RASOI", "MUFFA", "RITMI", "LORDE", "CARNE", "SNODI", "BORIE", "CALCO", "CREPE", "EREDI", "TOSAI", "SUGLI", "DISTO", "DIRMI", "NUOVO", "MANDI", "GIACE", "ODINO", "ZOLFO", "UMANA", "SCALI", "FARNE", "DOGMA", "ROMPA", "ARIDA", "RESSA", "PUZZI", "VUOLE", "PIGRO", "FOGNE", "PANNO", "GIOCO", "ROZZA", "PORGE", "LINFA", "ZINCO", "REGIA", "ACINO", "DIGHE", "STELO", "BACIO", "BALSA", "LEGHE", "OMEGA", "NONIO", "CONCA", "TALEA", "GAMBO", "SELLA", "AFONA", "PRONO", "TREMO", "MALLO", "PIUMA", "GRADI", "AGLIO", "FULVA", "DIETA", "FIOCA", "ZUPPA", "NANNA", "EPOCA", "GREVE", "MOTTO", "TASSA", "POCHI", "FOLLE", "ROCCA", "IODIO", "CARGO", "GIRAI", "TENNI", "GNOSI", "MAMBO", "BACHI", "OMERO", "MITRA", "CONGA", "CORNA", "FARSA", "DORMA", "DENSO", "MANIA", "MIELE", "MILLE", "CICCA", "FALCE", "FRIGO", "BANDE", "SERRO", "VISTA", "RUTTO", "SFILA", "SESSO", "SASSO", "SERVI", "ASTIO", "PORRE", "PRUDE", "TORME", "SANSA", "FAINA", "NETTO", "CONTE", "SECCA", "CONTO", "GARZA", "DITTA", "BRINA", "MADRE", "FORUM", "SUDAI", "BOATO", "CULTO", "SPAGO", "CURAI", "BADAI", "ROGHI", "BIECO", "LANCI", "OVVIO", "BITTA", "OBESI", "CAVAI", "MASSA", "RUOTA", "LERCI", "PENNA", "TACCO", "NATIA", "TOGLI", "VINTI", "MOGIO", "SCALA", "AMPIO", "LEMBO", "ONICE", "NOMEA", "STARE", "GIOGO", "RUGHE", "RETRO", "AUDIO", "RISSA", "OFFRO", "PECCA", "TESTA", "TURBE", "GONNA", "AROMA", "RUOLO", "REBBI", "TANFO", "TARME", "BORGO", "RAGNO", "TETTO", "TENIA", "PIANO", "COPIA", "TORCE", "ORAFE", "SPERA", "CUCIO", "VIOLA", "SACRE", "MUOVI", "CRISI", "MUOIO", "LIANA", "CURVA", "TOLDA", "BUGIE", "BIDET", "BOZZA", "ALTRA", "PARCO", "SALMO", "EROSO", "FETTA", "SPINE", "LIBRO", "BUFFA", "SORCI", "SONNO", "COSMO", "LAGHI", "SOLFA", "SAPPI", "PUGNI", "ADORI", "MANGI", "SOPRA", "BORSA", "VERGA", "SEPPI", "PEGNI", "AVARI", "AZOTO", "NEVAI", "AVOLO", "PEPLO", "SORSO", "TURNO", "OSTIA", "FAUCI", "SECCO", "AVITO", "AMARO", "PATTA", "ZOPPO", "UPUPA", "NERVI", "PISTA", "FRENO", "SALSA", "LINCE", "TOZZA", "VACUO", "IDOLO", "MANGO", "LOMBI", "MUCCA", "BOSCO", "BLESA", "NYLON", "SABBA", "MONCA", "FITTO", "PALMO", "DIMMI", "PEANA", "CASBA", "OGIVA", "CAUTO", "VIALE", "OPINO", "DOGHE", "ROGGE", "CARTE", "ZEPPA", "FORCA", "VERBO", "PROVE", "CEDRO", "ULIVO", "ACUTI", "LARVA", "FEUDO", "CEDUO", "AGAVE", "PIAGA", "BRAME", "NONNA", "GOLFO", "NEGAI", "ACETO", "ESITO", "PALLA", "SCAVO", "MARCA", "CLORO", "ORATA", "ESILE", "SORGE", "ABBAI", "BIZZE", "SPOLA", "SPUTO", "POLIO", "LEGNO", "AMICI", "EBETE", "DAZIO", "SINTI", "BACCA", "TORRE", "ENTRA", "ZEBRA", "ASINO", "RELAX", "ANTRO", "CADDE", "MASAI", "CUCCE", "BEGHE", "TONTI", "NUOTO", "SEDIA", "CIRRI", "ALICE", "RUMBA", "PATIO", "LIZZA", "FRATE", "UDITO", "BALIA", "CURRY", "FATTO", "CENCI", "ZONZO", "PECCO", "DIECI", "URINA", "MANZO", "NOTAI", "TERZO", "GOTTA", "BOLLO", "ARABI", "SUCCO", "CENNO", "SPADA", "POGGI", "SCURE", "COEVO", "ALVEO", "TACCA", "AVERE", "MOSCA", "NENIA", "VASCA", "MANCA", "ANCIA", "BARAI", "ANCHE", "FURIA", "INVIO", "UNIVA", "VIOLE", "AIUTO", "BOCCE", "PEZZO", "SALMA", "PROLE", "BAULE", "EPURO", "LOSCO", "VASTO", "OCCHI", "SACCO", "VOGHI", "COLLO", "TOTEM", "AVVIO", "VOLAI", "CANOA", "FESTA", "PURGA", "NUORA", "ORGIA", "ZUCCA", "FIABE", "SEGGI", "GERME", "DOPPI", "CEFFO", "GAMMA", "PESCE", "CETRA", "VILLA", "PIACE", "VELLO", "MARNA", "CESIO", "SETTA", "FUORI", "BRACE", "MODEM", "CIPPO", "TALPA", "AMBRA", "LISCA", "PAREO", "MOGLI", "VARIE", "CELLA", "DIADE", "BISCA", "RADIO", "UDIVA", "BRUNO", "NIVEO", "PRORA", "CHINA", "ABUSA", "RICCO", "COCCI", "COESA", "STESA", "UTERO", "ASOLA", "NINJA", "METTO", "COZZO", "SFIZI", "TETRO", "SERBO", "REAME", "PORCI", "ZIRLO", "VISTO", "FUMMO", "TRAMA", "CIELO", "CAMPA", "REATO", "POLPA", "ETNEA", "FIUTO", "LAICO", "GAMBA", "CIUCO", "CARME", "NORME", "NERBO", "ACUME", "COLON", "PRIMO", "GENTE", "TERME", "TEDIO", "PIZZA", "AEREA", "ORARI", "BAZZA", "GRANA", "CESSO", "SCOPA", "ACQUA", "MORSA", "COCCO", "VOLPE", "ERNIA", "STIRO", "RETTO", "SUNTO", "POSSO", "CERTA", "PUFFI", "APRII", "DRUPA", "OTITE", "RENNA", "FALLO", "TAIGA", "CAPII", "SIEPE", "MARCE", "SIERO", "USATO", "ALBUM", "VOLTO", "BASTA", "FANNO", "SIAMO", "PERNO", "FARRO", "GRAMA", "EMOJI", "MAGRO", "DALIA", "MESTA", "RIDDA", "PASSI", "CURIA", "ANNUO", "TAPPO", "VUOTI", "PIGIO", "BALLE", "ABBIA", "DESCO", "EREMO", "FUSTO", "SLOGO", "EBREO", "GRAFO", "VALGO", "FONDO", "MIOPE", "VENIA", "COLPE", "ZOMPO", "CASSE", "TERGA", "CENGE", "ONORE", "FESSO", "OVALE", "PENDE", "TOSSE", "ZUFFA", "SUGHI", "ELUDO", "AGAPE", "COSTA", "TASTO", "BOCCA", "MARZO", "TENDE", "BANCA", "FUNGO", "BAGNO", "FIERO", "CLAVA", "PENSA", "AZERO", "DOMAI", "MEZZO", "SVELO", "CANTO", "MECCA", "DIARI", "GHIRO", "GOCCE", "COLAI", "RECAI", "ESPIO", "PUNGE", "PONGO", "BRUTI", "FRASE", "VULVA", "FIERA", "CORPO", "VANGA", "LIETA", "SMISE", "FOGLI", "AMALA", "BEONE", "SCOLO", "POLLO", "CUNEI", "RODEO", "MOSSA", "QUASI", "SANNO", "FRESA", "GOFFE", "MERLO", "VERZA", "SOBRI", "ROBOT", "SAGRA", "FUOCO", "ABACO", "UTILE", "PREDA", "COLZA", "FICHI", "NUCHE", "REBUS", "SVAGO", "LICEO", "DONNA", "PETTO", "OPERA", "TONFO", "SETTO", "CACHI", "TUONO", "PANNE", "QUALE", "TOCCA", "GALEA", "BAFFI", "LENZA", "TIZIO", "COVAI", "TENDA", "EROGA", "SORBO", "JEANS", "AFOSO", "BEATO", "MOSTO", "STOLA", "DETTO", "PUNTA", "POSAI", "UMILE", "SPORE", "ARPIE", "BUDDA", "CORDA", "TRENO", "LOTTA", "CINTA", "GERGO", "LARDO", "GRIDA", "POEMA", "LUOGO", "FIATO", "VINAI", "BONGO", "FURBA", "SPORT", "PINTA", "CREMA", "FRODE", "TRONO", "CLERO", "MOZZI", "DOLCE", "TURCO", "ORDII", "VENTI", "TANTO", "OVINI", "COLLA", "CONIO", "VOCIO", "ANSIA", "BOLLA", "ZOLLA", "SERPE", "NUOCE", "RUPPE", "PRODE", "LATTE", "OSSIA", "REGNO", "FATUO", "TECHE", "CORVI", "RIGHE", "POSTA", "ANELO", "CASTA", "FALSO", "EMANA", "MILZA", "EXTRA", "MORBO", "CUORE", "COSCA", "FAGGI", "SOLCO", "GRIGI", "PINNE", "SUINO", "ASTRO", "VOLGE", "ASILO", "MULTA", "RIONE", "BALZO", "FORZA", "FRASI", "TORSO", "PULSA", "ANICE", "RONFA", "TRITO", "BELVA", "TROTA", "ANIMO", "ORMAI", "BARIO", "BUSTA", "DARDO", "ESCHE", "VENDO", "LITIO", "SIGLA", "CIGLI", "PANDA", "SOMMO", "COLSE", "VETTA", "LECCI", "BALDO", "ALONE", "RULLO", "PRUNO", "REALE", "DRAGA", "DRONE", "OVILE", "OBLIO", "PELLE", "BULBO", "CLONE", "TAPPE", "FIRMA", "SOGNO", "SIGMA", "SISMA", "FONTE", "DIODO", "GRUMO", "BIRRA", "LASCI", "SCESO", "PELLI", "PARVE", "DICCO", "TANGO", "PARTE", "BUSTI", "ELOGI", "PAURA", "NEGLI", "GECHI", "EBBRO", "BUCHI", "PULCE", "ETIMO", "BELLO", "MORSO", "BARRA", "GOMMA", "PAZZI", "VINCO", "DUOLE", "USANO", "BREVE", "SELCI", "PENNE", "CANNA", "BERLO", "FOSCO", "CESTA", "SENNO", "NAUSE", "CERVO", "MESSA", "DAINO", "VAGHE", "CECIO", "DRAGO", "UMIDA", "ETNIA", "SPUMA", "PIEGA", "MICIO", "OPACO", "VIBRA", "TILDE", "OSSEA", "RAUCA", "FALCO", "CIFRA", "STUDI", "TOMBA", "RATTO", "CARPA", "BARCA", "ROCCE", "STURO", "FOLLA", "BRUCO", "TARGA", "MOLLA", "BALLO", "TAGLI", "BRUCI", "BENDA", "MALGA", "ADUSO", "UBBIA", "VASAI", "RANGO", "ONERI", "CLIMA", "PIZZO", "SELVA", "CARRO", "CRODA", "VELAI", "COSCE", "CEPPO", "BRANO", "USARE", "SCEMI", "TARSO", "EVOCO", "AGITO", "POZZA", "GOBBA", "LEGGE", "VIETO", "DESIO", "BELGA", "ADAGI", "ZANNE", "DENTI", "LACCA", "OLIVE", "VEGLI", "FACCE", "ATRIO", "COPPA", "PESTO", "FANTE", "PARTI", "VOLTA", "POPPA", "DISFA", "CRASI", "BIVIO", "PANCE", "CERCO", "CELTI", "NAFTA", "ALCOL", "ABILE", "REGGO", "EMULO", "AVUTO", "FOSSE", "ALIBI", "OMBRA", "CAMEO", "PIOLI", "COPRI", "STIMA", "CORSA", "ESTRO", "LUCCI", "GRECO", "FUNGE", "PIENA", "TIGLI", "BURRO", "GATTO", "RAZZO", "FAIDA", "TOSTA", "LUCRO", "BANCO", "AUREO", "BULLO", "VERMI", "CENSO", "LUTTO", "ILARE", "UTILI", "MELMA", "TIBIA", "BISCE", "COLTA", "UMORI", "CELIA", "CROMO", "CESPO", "CACIO", "CAPPA", "BADIA", "MALTA", "PARLO", "NAPPA", "PASSA", "SALVE", "TEPPA", "FRANA", "PONTE", "LETTO", "ETICA", "SONDA", "LISTA", "SERRA", "PALLE", "BAZAR", "PARIA", "LUSSO", "CREPI", "COBRA", "PESCO", "FERRO", "CORTE", "FISCO", "BAITA", "POLPO", "CALCA", "STUFO", "SCOVA", "BUTTA", "CAMPO", "EPICA", "TIGNA", "TRAVE", "FASCE", "QUOTA", "CAUSA", "IMITA", "PORRO", "FORRA", "PIGLI", "LONZA", "AVRAI", "SUONO", "SOZZA", "LESSO", "PREMI", "MERCE", "MUSEO", "HANNO", "CALAI", "AMACA", "UGGIA", "SENTO", "VOLLE", "GELSO", "ANODO", "PIGNA", "LEGAI", "SVITO", "DOCCE", "SOSTA", "RAMPA", "GESTI", "PERSO", "COFFA", "MUGHI", "BIOMA", "NESSO", "SOLDI", "PRESO", "GLIFO", "LENTA", "SESTO", "GIGLI", "HOTEL", "BARDO", "ARCHI", "TALLO", "NOCCA", "SODIO", "FIBRA", "UGOLA", "MORTI", "MIRTO", "ERICA", "TESTO", "NINFA", "MAZZA", "ALATE", "OZIAI", "LESTA", "BASSO", "PIADA", "ARDUA", "SLEGO", "MAPPA", "BUCCE", "VIENI", "GRANO", "CULLA", "ZITTI", "OPPIO", "TARLO", "FIUME", "ROTTA", "DEGNA", "SCAFO", "FANGO", "TINTA", "CARIE", "ARARE", "CARSO", "BORDI", "RUPIA", "ODORE", "PRETE", "UDIRE", "COLPI", "MAGMA", "PRESA", "OMONE", "SEGNO", "SARTI", "CENAI", "SALPO", "OLTRE", "DUCHI", "GENIO", "FORSE", "ABATE", "FIALA", "CACAO", "PERLA", "PINZA", "RUBAI", "PELAI", "RITTO", "VESPA", "RUZZO", "ASPRI", "AMAVO", "BIMBA", "ADITO", "FELPA", "PALMA", "CROCE", "MORDA", "ETERE", "MAGHI", "PORTA", "CENTO", "ESAME", "LIGIO", "FUGHE", "ICONA", "PIEDE", "UNICO", "GRATA", "PASSO", "APICE", "CONCI", "GIURO", "FORMA", "LIMBO", "FOSSA", "ZECCA", "COLMO", "FORTE", "COSTI", "MASSO", "MENSA", "CASCO", "LIUTO", "AFIDI", "LEGGO", "TORVE", "RAGGI", "PORTO", "CRUDA", "LECCA", "GESSO", "VISSE", "SAMBA", "ETANO", "BAMBU", "COZZE", "OLIAI", "PALIO", "ORCIO", "MEDIA", "LUNGA", "LINEA", "ORCHI", "TESSE", "SFUSO", "GUADO", "STONA", "METRO", "TULLE", "TOPPA", "ACERO", "ROSPO", "FOIBE", "PESCA", "BLUSA", "ALGHE", "USURA", "CHETA", "ADIPE", "VANNO", "FREGA", "PRIMA", "BASCO", "RIUSO", "EDEMA", "FINTO", "CHELA", "TARPO", "TARDI", "VENTO", "VETRO", "FERMO", "PANNA", "SETTE", "BECCO", "BARBA", "CALZE", "SOTTO", "ZAINO", "CROCO", "TEMPO", "VEZZO", "FOCHE", "SPIGA", "AMENI", "EGIZI", "SBUCA", "STILE", "CIRCA", "CISTI", "SARDE", "PRATO", "MAREA", "ANETO", "LEPRI", "MAFIA", "SOLAI", "TASCA", "ZEPPO", "VERSI", "MANNA", "PERDE", "CLOWN", "ANNOI", "CALLI", "PACCA", "CITAI", "CALCI", "LACCI", "TIRAI", "FERIE", "ROSEA", "EVASO", "AVIDO", "ELICA", "VIZIO", "SIEDI", "DOSSI", "COLUI", "PARTO", "CAGNA", "CUOCA", "AMATO", "FAMMI", "CAPRA", "ARNIA", "TORDO", "SAGHE", "VIDEO", "RISMA", "SUORE", "SANTA", "SOFFI", "FAUNA", "FOBIA", "TATTO", "ISOLA", "BABBO", "PENAI", "CELAI", "EVITA", "MUONE", "LEGNA", "VIZZO", "NASSA", "ESULE", "BIGIA", "MOLTI", "CURDA", "PAESE", "ESOSO", "PAGGI", "TRINO", "FINGE", "ERIGO", "SFIDA", "FREMO", "PIEVE", "ATOMO", "ERANO", "INIZI", "OSARE", "SOAVE", "LINDA", "TECNO", "PESTE", "GUSCI", "CUOIO", "RASPA", "TERSA", "VACCA", "MANTO", "DANZA", "GUIDA", "MOSCI", "EFEBO", "RUSPA", "CIRCO", "REGIO", "SUOLA", "GOGNA", "LEMMA", "SCUDO", "POETA", "ERRAI", "ALITO", "BIETA", "VALLE", "DUALE", "MISTO", "RUSSO", "FOLTO", "COLMA", "BRIGA", "PAMPA", "BIADA", "VENGA", "RICCI", "BATTE", "ELEVO", "METEO", "AGIRE", "RATTI", "SCHWA", "LIEVE", "PARSO", "NUTRE", "SENZA", "LAGNA", "STATO", "TASSO", "BERCI", "SIDRO", "CRETA", "RAZZA", "CRANI", "MARMO", "STIVA", "PADRE", "BRAVI", "CROMA", "BUSSO", "SUOLO", "OBOLO", "CORSO", "VERDE", "DROGA", "TUTTE", "TESTE", "SAREI", "GONFI", "VITTO", "SORTO", "OSTRO", "TORTA", "ROMBO", "GEMMA", "ADDIO", "FIENO", "SPESA", "GANCI", "OBICE", "PREGO", "SEGUO", "TERRA", "CINSE", "PASTO", "RESTO", "TONDA", "BUONO", "PROBO", "EMIRO", "AORTA", "REMAI", "SEGHE", "FUMAI", "PINNA", "DISCO", "MAMMA", "UMORE", "LASER", "RUBLI", "EDUCA", "ANDAI", "CRUNA", "ROSSA", "CALVA", "LEONE", "CASSA", "POSTO", "FIGLI", "BOTTI", "AGILE", "ABITO", "LOTTI", "SPOSI", "TROVA", "SLAVI", "PALCO", "VISPA", "SFERA", "CICLO", "TENTO", "SCIAI", "SENSO", "SAZIO", "POLSO", "FOSTE", "OVAIA", "ALZAI", "ASCIA", "OPTAI", "MAGIA", "EBANO", "MARRE", "SCADE", "CIGNO", "LAVAI", "SALTO", "PONFO", "FLORA", "GONZO", "FISSA", "TIENI", "CIECA", "DIREI", "LADRO", "ARENA", "OMISE", "TOLTA", "CALCE", "BRODO", "SERIE", "POMPA", "SOSIA", "VESTE", "PANCA", "BOMBA", "PESAI", "TONNO", "IELLA", "ACARI", "PAGHE", "SVASO", "CANEA", "IRIDE", "MICCE", "CAMBI", "SAUNA", "AGATA", "CORTO", "AMORE", "TERNA", "URLAI", "AMEBA", "MONTE", "VARCO", "SAGGI", "SERIO", "DESTA", "GOZZO", "TATUO", "GAZZA", "SBAFO", "COPPI", "DANNO", "TUFFO", "ROCHE", "RANDA", "PATTO", "SFAMO", "SORDI", "CREDO", "KAPPA", "ISTMO", "FURTO", "CREAI", "RONDA", "SUGNA", "KARMA", "LARGO", "TORBA", "EDILE", "EDERA", "ESIGO", "COLGO", "SFOGO", "ADULA", "APNEA", "VANTO", "GRATO", "PALPO", "BEFFA", "GLOBO", "GHISA", "DILLO", "SFUMO", "COMMA", "DUOMO", "POZZI", "BASTO", "VIRUS", "GUANO", "ADONE", "GORGO", "SPIRA", "RIBES", "PICCO", "SVEVO", "GANZO", "KOALA", "FALDE", "CIBAI", "FIORE", "SOMMA", "SCUSA", "MATTO", "LANCE", "CERRO", "USCIO", "SALDO", "BABAU", "FLEBO", "GRETO", "GUAIO", "OVULO", "ULULA", "TENGO", "LAMPO", "CAVIA", "OVEST", "GASSA", "LATTA", "RASPO", "CAMMA", "LASCO", "BRUMA", "COTTA", "BURLA", "MENTO", "STAVI", "UNIRE", "FRUGA", "SBAVI", "DAMMI", "NULLA", "NEMBO", "TURPE", "SPECK", "VIGNA", "TORTO", "PACCO", "CHILO", "OZONO", "GUSTO", "FREGI", "GIADA", "CRINE", "TOGHE", "BIRBA", "TORNI", "GETTO", "MAZZO", "TALCO", "ROGNA", "MUTUO", "MANCE", "PODIO", "VERSO", "PAUSA", "DOTTA", "BOTTE", "PASTA", "BRADO", "SAVIO", "PIOVE", "PRIVO", "ASSAI", "ABETI", "PAPPA", "GALLO", "IGNEO", "ZAMPA", "FORNO", "GRAVE", "PLICO", "MONDO", "SCENA", "PROSA", "FELCE", "STADI", "AGONE", "CONTA", "GIOIA", "CALME", "AMIDO", "AEREO", "SCOPO", "ESODO", "CARDO", "GNOMO", "SPELO", "NARRI", "TIGRE", "ORALE", "NOTTE", "GIOVA", "RETTA", "TENUE", "CURIO", "OMINO", "LOBBY", "USAVI", "LISCI", "AVENA", "MENTA", "DORSO", "TAZZA", "CALDO", "NOZZE", "ARMAI", "PLEBE", "SPAZI", "RIFFA", "ZOZZE", "ZAPPA", "UNITO", "LEALE", "SOCIO", "VINSE", "GIARA", "RENDE", "ACIDA", "GARBO"]
	}
}